label,page,item_index,list_title,publish,detail_url,title,text
xianfa,1,1,1. 波恩憲法分裂德國 德共產黨代表拒絕簽字,申報 日期：1949-05-26 版次/卷期：02 版 新華社北平廿五日電,https://z.library.sh.cn/http/80/10.1.30.77/yitlink/tm/tm_shownews.php?id=A2013040227679&qrygroup=1&qrynewstype=SP&n=1,波恩憲法分裂德國 德共產黨代表拒絕簽字,美英法集團一手製造的分裂主義的「憲法」，已於廿三日在波恩製憲議會的末次會議上宣佈生效。 各左翼黨國，包括基督敎社會黨聯盟，德意志黨，和許多以前反對波恩「憲法」的議員，在美英指使下，已在彼恩﹁憲法」上簽字，但西德共產黨代表曾曼和倫奈均拒絕簽字。 倫奈宣稱，「我決不為分裂德國而簽字，」製憲識會在波恩「憲法」經西德各州州長簽字宣佈生效後已行解散。西德製憲議會是去年由美英法三國佔領當局根據去年六月第一次倫敦六國〔包括美英法荷比盧〕會議組成的，包括各方政治領袖六十五人，絕大部分為反動份子，其目的就在制定一部分裂德國·肢解德國·並淪德國為美國殖民地的「憲法」。波恩「憲法」的特點是規定西德為「聯邦共和國」，把主要的權力賦與分裂的各州，中央政府則僅有次要的職權，以便於美國的統治。波恩「憲法」具有顯然出買德國主權的條文，規定可以放棄某些主權，以參加歐洲合眾國及其他國際組織。波恩「憲法」也毫不掩飾其法西斯的本質，規定政府得宜佈所謂攻擊「民主自由」的政黨為非法，實際上保證了反動政府鎮壓人民的自由。此外波恩「憲法」規定西德議會為兩院制，上院議員由各州政府選派，下院議員由選舉產生，共四百人，任期四年。總統由兩院聯席會議選舉，總理由下院選舉。
xianfa,1,2,2. 美助日本 充實警力,申報 日期：1949-05-26 版次/卷期：02 版 聯合社華盛頓廿四日電,https://z.library.sh.cn/http/80/10.1.30.77/yitlink/tm/tm_shownews.php?id=A2013040227681&qrygroup=1&qrynewstype=SP&n=2,美助日本 充實警力,國務院新聞處長懷德今日聲明稱，主管當局正在研究計劃使日本得備有更充分之警力，惟絕無意准其重建任何國際兵力。盡人皆知日本現有警察不足以維持國內治安。外間報載美國官員正在積極研究重建日本國防部隊，此與日本戰後憲法及遠東委員會所決定之政策抵觸。國務院即發表上項聲明加以否認。
xianfa,1,3,3. 關於德國未來問題 蘇聯將實行攤牌 維辛斯基在外長會中發表演說,申報 日期：1949-05-25 版次/卷期：01 版 本報訊,https://z.library.sh.cn/http/80/10.1.30.77/yitlink/tm/tm_shownews.php?id=A2013040227629&qrygroup=1&qrynewstype=SP&n=3,關於德國未來問題 蘇聯將實行攤牌 維辛斯基在外長會中發表演說,巴黎廿四日廣播：四強外長會議第二次會議於廿四日下午二時三十分〔世界標準時間〕在玫瑰大理石宮舉行。 美駐德副軍事總督胡勃納由德抵此，隨同艾契遜出席本日會議，預料維辛斯基對於有關德國問題之蘇聯新政策將實行攤牌。西方列強擬在二次會議中給予維氏機會，以說明其對於德國未來問題究竟作何打算。 〔合衆社巴黎廿四日電〕四強外長會議將於今日下午二時卅分格林威治時間，〔上海時間下午十一時卅分〕進入最緊要階段。四國外長在同意議程以後，卽將着手處理議程第一項：德國政治經濟統一問題，並包括盟國佔領諸問題。西方外長等待維辛斯基關於此一問題的開幕演說，俾使渠等獲得概念，卽蘇聯是否將利用此次會議繼續其宣傳攻勢，抑的確準備談判。維辛斯基的演說，將使其有機會透露蘇聯的要求，據一般揣測，此等要求將為：〔一〕一切駐德佔領軍及早撤退。〔東歐國家在華沙會議時卽有此建議〕。〔二〕西方國家計劃。〔按西德憲法業在廿三日被批准，西德國的建立已不啻為旣成事實，雖然政府及議會均將遲至七月間選舉成立〕。〔三〕西方國家放鬆渠等對東德貿易的限制。〔許多人都認為此卽促使蘇聯解除柏林封鎖的主因〕。西方國家在德國未成為和平的民主國家，及其他歐洲國家免於侵略的安全未獲保障前，對任何及早結束佔領的計劃，必然將予拒絕。西方外長對維辛斯基關於日本的建議，則並不重視。
xianfa,1,4,4. 德共和國再生 波恩城懸旗誌慶,申報 日期：1949-05-25 版次/卷期：01 版 路透社波恩城廿三日電,https://z.library.sh.cn/http/80/10.1.30.77/yitlink/tm/tm_shownews.php?id=A2013040227626&qrygroup=1&qrynewstype=SP&n=4,德共和國再生 波恩城懸旗誌慶,西德制憲議會已於今日正式公布德國聯邦共和國之憲法，其時正為四強外長會在巴黎揭幕之時。當各議員除兩共黨議員外一一簽名畢，乃一齊起立高唱德國國歌，有興奮至於淚下者。議長阿諾爾表示此一憲法之成立，為德國民族史新時代的開始。並曰：曾在一九三三年以至一九四三年德國消失過程中生存之人，今日重睹德國之再生，誠不禁興奮。波恩全市今日均懸掛黑紅金黃三色之前德國威瑪共和國國旗，郵局亦特出紀念郵票。憲法內容將在新共和國第一期官報中刊載。
xianfa,1,5,5. 波恩憲法正式公布實施 西德共和國誕生 政府與國會三個月內舉行選舉,申報 日期：1949-05-24 版次/卷期：02 版 本報訊,https://z.library.sh.cn/http/80/10.1.30.77/yitlink/tm/tm_shownews.php?id=A2013040227531&qrygroup=1&qrynewstype=SP&n=5,波恩憲法正式公布實施 西德共和國誕生 政府與國會三個月內舉行選舉,倫敦廿三日廣播：波恩訊：德國制憲議會廿三日將新憲法公佈施行，西德聯邦共和國於焉正式誕生。西德聯邦將包括美·英·法佔領區內之各邦，但門戶依然洞開，等待蘇佔區各邦之加入。惟衆料蘇聯佔領狀態存在一天，東德將繼續留於戶外一天。制定憲法之政治家七十人將宣布解散議會。新共和國政府及國會將於今後三個月內舉行選舉。柏林並不包括在新聯邦以內，但得派遣代表列席國會旁聽。非共產黨員八十八人簽署新憲法，儀式簡單隆重。 〔法國新聞社弗蘭克福廿二日電〕波恩制憲議會將於星期一作最後一次會議，正式公佈憲法，規定成立西德聯邦共和國。屆時各地方議會主席及西方三盟國首長皆將出席。德國政界人士對此舉極為重視。彼等強調謂：西德憲法已經巴伐里亞以外之西德區各邦一致通過，且受西德各政黨之一致擁護，僅巴伐里亞之基督教社會黨與共黨為例外，此點可表示西德之團結。
xianfa,1,6,6. 戴高樂演說 抨擊波恩憲法 認為乃德意志之恢復,申報 日期：1949-05-24 版次/卷期：02 版 法國新聞社巴黎廿二日電,https://z.library.sh.cn/http/80/10.1.30.77/yitlink/tm/tm_shownews.php?id=A2013040227534&qrygroup=1&qrynewstype=SP&n=6,戴高樂演說 抨擊波恩憲法 認為乃德意志之恢復,戴高樂將軍今日在法國人民陣綫大會休會時演說，強調法國應恢復足夠之力量，以平衡德國之勢力。戴氏抨擊波恩之西德憲法，認為此乃德意志之恢復，且謂對大西洋公約在未獲輔助之措置前，不應予以批准。戴氏希望法德間能獲諒解。但謂，此種諒解，需有某種條件。而主要之條件，為法國應在法屬北非協助下重行強盛，以平衡新德國之力量，而使兩國間之經濟諒解可能實現。戴氏強調稱：法國應在其資源能力內恢復其經濟財政力量。大會休會時宣佈：該黨之對外政策，國防政策，及對法國同盟政策，皆與法政府不同，且攻擊政府在財政經濟社會各方面之屢次失敗。
xianfa,1,7,7. 波恩議會憲法 獲必要多數 西德最後一議會已通過,申報 日期：1949-05-23 版次/卷期：02 版 合衆社佛蘭克福廿一日電,https://z.library.sh.cn/http/80/10.1.30.77/yitlink/tm/tm_shownews.php?id=A2013040227447&qrygroup=1&qrynewstype=SP&n=7,波恩議會憲法 獲必要多數 西德最後一議會已通過,西德區十一個議會中最後一個議會—胡登保巴頓議會，廿一日以卅四對十六票通過波恩議會之憲法。該邦議會批准後，波恩憲法業已獲得必要多數。
xianfa,1,8,8. 西德選舉法 三強獲致協議,申報 日期：1949-05-21 版次/卷期：02 版 路透社法蘭克福十九日電,https://z.library.sh.cn/http/80/10.1.30.77/yitlink/tm/tm_shownews.php?id=A2013040227302&qrygroup=1&qrynewstype=SP&n=8,西德選舉法 三強獲致協議,此間法官方聲稱：法國政府以不得已的心情，決定批準西德聯邦議會之選舉法後，盟國間已就該選舉法獲致協議。法國政府批準該法之際，曾提出若干保留，聲明制憲議會所保留之若干權限，應於議會解散憲法公布後由邦總理行使。西方三強軍事副督今日在柏林開會，起草致西德邦總理之共同函，以通知此項決議。 〔合眾社慕尼黑二十日電〕巴威略議會頃以一〇一對六四票，九票棄權，拒絕波恩議會所草擬之西德憲法。西德十一聯邦中，四個聯邦議會業已通過波恩憲法。該憲法需要三分之二聯邦之批準。巴威略乃第一個拒絕該憲法之聯邦，惟巴威略議會決定如其他三分之二聯邦通過該憲法，則巴議會亦將予以接受。同時巴威略議會并一致通過一建議，要求美軍政府將德憲法問題交人民投票。
xianfa,1,9,9. 蘇報強調四國善意合作 為和平主要條件 此一合作路徑將由外長會中獲得,申報 日期：1949-05-20 版次/卷期：02 版 路透社莫斯科十九日電,https://z.library.sh.cn/http/80/10.1.30.77/yitlink/tm/tm_shownews.php?id=A2013040227236&qrygroup=1&qrynewstype=SP&n=9,蘇報強調四國善意合作 為和平主要條件 此一合作路徑將由外長會中獲得,莫斯科新時代週報評稱：諸強國之合作為持久和平主要的條件，而重建此一合作的路徑，現已十分明顯，如欲下屆討論德國問題之外長會議獲得成功，則西方國家，必須放棄其恐嚇武斷的方法。所謂波恩憲法之迅速草成及西德臨時政府之匆遽設立，頗足使人懷疑，須知類似的製造旣成事實的企圖，對其作者決不有何裨益，因為世界人士莫不皆知任何政治或國際問題，決非戰爭所能解決，在下屆外長會中雙方務必出以善意。柏林問題為德國問題完整的一部，雅爾達及波茨坦協定為解決德國問題的基礎。蘇聯始終相信，柏林以及德國問題，須用四國談判的方式始能獲得解決。
xianfa,1,10,10. 克萊自德返抵華府 深受官方盛大歡迎，并接受橡葉勳章。,申報 日期：1949-05-19 版次/卷期：02 版 美國新聞處華盛頓十七日電,https://z.library.sh.cn/http/80/10.1.30.77/yitlink/tm/tm_shownews.php?id=A2013040227164&qrygroup=1&qrynewstype=SP&n=10,克萊自德返抵華府 深受官方盛大歡迎，并接受橡葉勳章。,克萊將軍於一生為國服務卓著勛績後，頃已返國退休，渠受到一個英雄的歡迎。克萊係自德國返美。彼任德境美軍長官四年，甫於五月十五日卸職，官方立卽準備予以歡迎并舉行儀式。 此一四星上將自一九一八年前任軍職，於第二次大戰時負責美陸軍供應計劃。渠在德國最傑出之成就厥為創始空軍偉業。在蘇聯實施陸上封鎖，截斷正常陸上供應路綫後，柏林憑籍空運，獲得糧食，燃料，藥品及其他重要必需品至三百廿八日之久。克來常圖擺脫現職，以便息隱，但因政府以其職位重要，未允所請，直至最近始準其辭職。克萊在記者招待會告發問者稱：茍蘇聯再度實施柏林封鎖，則渠將大感驚詫，蓋蘇聯不能不顧及因此所引起之全世界不利的反響也。美國表明其意向，「繼續吾人合作，支持柏林空運，支持歐洲復興，并支援西歐安全公約，此等行動已獲得西歐信任。二年前之緊張狀態今日已不復存在」。克萊將此點歸功於人民對美國愿意支援西方國家復原一事之態度。克萊表示信念：「吾人如在目前或不久之將來撤退吾人之佔領軍，實為不智之舉」。渠力言：佔領軍之撤退必須在歐洲局勢穩定以後方可實行。某一記者請求詳論最近完成之東德投票事，該處一千三百名以上之投票人對於蘇聯所圈定之候選人名單，均投反對票。克萊評稱：「此種投票表示任何極權國家中一種大有勇氣之行動」。關於外傳東德與西德政治家之會議，克萊承認此種會議已舉行數次。渠重述共黨控制之東德人士意圖誘勸西德人士拒絕設立西德政府之建議。但渠又稱：東德人士之失敗顯然由於議會理事所取之行動，該理事會對於西德，投票決定一種完全民主政府程序。當克萊抵達國民機塲由飛機中步下時，由軍人，航空員，水手及海員等組成之儀仗隊全體立正，并鳴炮示敬。國防部長約翰遜趨前與克萊握手歡迎，并表示美國人民對於「一種優良工作成績」之感激。在機塲歡迎之人員，除約翰遜外，尚有全國軍事組織之高級官員。數千私人公民亦熱烈歡迎克萊返國。克萊將軍及其夫人自飛機塲馳赴白宮，當卽由總統與杜魯門夫人予以歡迎。在白宮花園中，杜魯門以勳章贈予五十二歲西點大學出身之將軍，以示對渠「為國家人類出眾服務」之一種激賞，當時閣員國會領袖，軍事顯要與英法大使均在塲贈與克萊之出眾服務章為橡勳章。克萊獲得此種勳章已屬第三次。授勳之文告有言謂「已往，渠在協助武裝吾國軍隊方面曾有出眾成就，其後復因渠應付德國軍政府方面之困難工作而在其已往之成就上加上新的與不可磨滅之功績……德國方面之情形使渠之服務為不可缺少者，直至本年五月十五日始得準其退貨，良以在西德之憲法擬就後，渠之工作已達到一里程碑。渠之任務異常復雜與困難，而此項任務之完成乃國人將永遠引以自傲者。」克萊繼自白宮前往國會大廈，而獲有向參眾兩院發表演說之殊榮。 旁聽走廊內坐無虛隙。此一退休軍事長官步經眾院之長中央通廊，趲講臺前，群眾起立歡呼，克萊作臨時演說。渠告各眾議員稱：德國人民已「堅決致力」種政府之建立，此種政府維持人類個人之尊嚴」。克萊謂四強管制德國之失敗乃「由於吾人發現四國中之一國具有雙重目的」。渠并不隱瞞其所指者卽係蘇聯。據謂二項目的為：〔一〕取得最大額之賠償；〔二〕成立一獨被警察國家所控制或至少剝削之政府。在向參議院演說時，克萊指斥蘇聯曾圖阻撓歐復興并封鎖柏林。并稱，此乃由於蘇聯恐懼美國關於鞏固歐洲自由國家之計劃所致。據云：西歐對蘇聯可能侵略之恐懼心理，已由北大西洋公約之締結而告消散。西文國家兩年來圖與蘇聯合作，成立一全德之民主政府。但「吾人并未獲致共同立塲。吾人之目的未能實現，但在此敗挫中或竟造成吾人最大之勝利。吾人發現自由國家必須獲得支持，以防阻威脅民主生活方式之勢力侵襲」美國展開歐洲復興計劃之時，卽係達到高潮。大西洋公約之簽訂消弭西歐之對於侵略的恐懼心理。克蘋將於十九日前往紐約，接受官方歡迎。然後擬遄返其故居喬治亞州瑪麗他鎭。胡伯納中將繼克萊職，任德境美軍總司令。并將担任美軍事長官，直至美國根據三國對西德協定，指派一文職高級專員為止。
xianfa,1,11,11. 裕仁巡視日南部 為期約歷四星期,申報 日期：1949-05-18 版次/卷期：02 版 法國新聞社東京十七日電,https://z.library.sh.cn/http/80/10.1.30.77/yitlink/tm/tm_shownews.php?id=A2013040227057&qrygroup=1&qrynewstype=SP&n=11,裕仁巡視日南部 為期約歷四星期,日皇裕仁今晨九時率隨員二十人，離此搭專車至九州，作二十七日之巡行。屆時將檢閱該島之文化工業及社會情形，且訪問各城市，包括曾受原子彈轟炸之名古屋。此間觀察家謂，裕仁自日本之新憲法成立後，卽常出外旅行與新憲法成立後，卽常出外旅行與人民接觸，圖恢復其聲望。但自一九四七年十二月以後，因等待東條等戰犯之判決，曾暫時中止活動。目下此事已成為過去，故彼又可自由出外巡行。按九州向為戰前日本極端愛國份子之活動中心，目下亦為極右與極左份子之集中地。日本各報謂，裕仁出巡時，將親自償付彼與其隨員之川資，一反由各地方政府負擔之向例。
xianfa,1,12,12. 東德舉行普選 要求撤佔領軍統一德國為口號 蘇擬藉此加強在外長會中地位,申報 日期：1949-05-17 版次/卷期：02 版 聯合社柏林十五日電,https://z.library.sh.cn/http/80/10.1.30.77/yitlink/tm/tm_shownews.php?id=A2013040226940&qrygroup=1&qrynewstype=SP&n=12,東德舉行普選 要求撤佔領軍統一德國為口號 蘇擬藉此加強在外長會中地位,東德共黨領袖今日呼召人民於十五及十六兩日投票，造成所謂德國人民大會。東德一千八百萬人民中，至少有一千萬人將投造成票。東德人民大會提議訂立最後和約，迅速撤退全部佔領軍及德國全境統一，頗能迎合德國國家主義。 〔合眾社柏林十五日電〕蘇聯佔區內德國人民十五日在蘇方控制下進行普選，其目的顯在加強蘇聯在巴黎四強外長會議中討價還價的地位。選民僅能就官方決定的「人民議會」一千五百廿五名共黨及親蘇候選人名單，投贊成票或反對票，並無其他相對的候選人。「人民議會」將批準德共草擬的憲法。西方政治觀察家認為蘇外長維辛斯基顯將在四強會議中，主張「人民議會」及其批準的憲法，代表全德國的真正民意，而指斥波恩制憲會議批準的憲法，係由西方帝國主義者指示者」。反共人士指斥此次選舉為「希特勒式」的選舉，並頓促每一東德選民「如果為個人安全而必須投票時」，絕對投反對票。雖然西德禁止此項選舉，但共黨聯合陣線仍提名五千人為西德三佔區及柏林西區的候選人，而列名候選人名單。共黨宣傳機構號召德人投「贊成票，使你們的聲音傳到巴黎去。」
xianfa,1,13,13. 美國政黨與政治 尼文斯作 雖然美國的政黨歷史，與美國政府的一般久遠，以地方·州·與全國各代表大會...,申報 日期：1949-05-16 版次/卷期：02 版 一八二九—三七,https://z.library.sh.cn/http/80/10.1.30.77/yitlink/tm/tm_shownews.php?id=A2013040226870&qrygroup=1&qrynewstype=SP&n=13,美國政黨與政治 尼文斯作 雖然美國的政黨歷史，與美國政府的一般久遠，以地方·州·與全國各代表大會為活動樞紐的黨的全國·州·與地方組織的巨大機構的存在，還是傑克遜總統二度連任時開始的事情,。充分發展的黨的活動，特別是兩黨制度，在美國人說起來還不過一百年的歷史。 政黨有健全的作用嗎？華盛頓時代有些主要領袖并不以為然。他們認為黨派只足以引起分裂，并形成意見不合。新的共和國的善良的公民應該棄絕黨派，這種見解起源於一種良好的羅馬精神。這種見解以後見諸於麥考萊的詩：「當時沒有人擁戴一個黨，當時人人都擁戴國家。」華盛頓的被一致擁戴為美國總統，似乎足以證明這種理想。 但是由〔美國第三任總統傑斐遜〕在一個嚴正的文告內描述過的事實，截破了這種烏托邦式的理論。政黨實為表示政見，教育人民，推行施政與批評政府所必要。傑斐遜說過政黨對自由極關重要，他的話很簡單：「要任何自由與有討論的社會裏，按人的本性，一定有反對的派別，激烈的異議與意見不合；而其中之一，一定佔得一個或長或短的時期的優勢。也許這種黨派的分歧，為行施相互監視并為人民詳述他方作為所必要。 美國最初的黨派—聯邦黨員共和黨的分立，猶同大不列顛的兩黨先例，是不可避免的。華盛頓在選擇他第一個內閣時，即承認兩黨。在全國的與貴族的方面，他選擇了漢彌敦當財政部長，諾克斯當陸軍部長，在民主人士中他選擇了傑斐遜當國務卿，倫道夫當檢察長。內閣會議中意見的分歧，也許還不及其國內更為分歧的意見。幾年以後，兩黨都經過正式改組，同時每個美國人都知道他們的鬥爭，勢將決定憲法發展的趨向。聯邦黨與共和黨分別竭力爭取使政府按它們的辦法施政，也同惠格與保守黨設法形成不成文的英國憲法的情形一樣。 這裏有一點原則上的分歧。聯邦黨的主要目的在於使憲法條文能擴大聯邦政府的權力。傑斐遜黨的主要目的是使憲法足以限制聯邦政府，而增大地方權力。兩種對抗的思想發生着對面的衝突，可是一開始，就有三個因素，減弱了政黨的激烈性。 它們是什麼呢？〔一〕原則本身是演繹以保留與修正的有節制的美質，并聽受為權宜之計而發生的驟然變化。因此傑斐遜一旦當權，的確將聯邦政府作了比亞丹斯作過的更廣泛的使用，例如路易斯安那區的購買〔一八〇三年由法國購得由墨西哥灣至加拿大邊境的土地，該區以後成立美國中部十四個州〕，而其時那位良好的民主黨人傑克遜〔Jackson〕正證明是強大的聯邦政府的堅決倡導者。〔二〕同黨都注意地着所有各種輔助性的問題，例如關稅，內政改革與外交政策等，當他們如此注意時，兩黨都向經常流動的團體呼籲。〔三〕每一黨都具有聽求公眾感情的健全的聲譽，因而大多數人無法濫用權力，而少數服從多數，都具有緘默的了解，即不會有濫用權力的事情發生的。
xianfa,1,14,14. 東德選舉 發表政綱,申報 日期：1949-05-16 版次/卷期：02 版 路透社柏林十五日電,https://z.library.sh.cn/http/80/10.1.30.77/yitlink/tm/tm_shownews.php?id=A2013040226845&qrygroup=1&qrynewstype=SP&n=14,東德選舉 發表政綱,德國人民大會於今日起舉行選舉，預定於十六日選舉。全蘇聯區之一千二百萬選民，祇須對候選人名單作是或否之投票。人民大會產生以後，將討論并批準德國人民委員會所起草之憲法。人民大會發表之政網中，要求德國統一，早日締結和約，撤退各國佔領軍，統一德國幣制等。
xianfa,1,15,15. 立院臨時談話會 組織委會指導院內服務 非常時政府施行體制待院會決定,申報 日期：1949-05-15 版次/卷期：01 版 中央社廣州十四日電,https://z.library.sh.cn/http/80/10.1.30.77/yitlink/tm/tm_shownews.php?id=A2013040226749&qrygroup=1&qrynewstype=SP&n=15,立院臨時談話會 組織委會指導院內服務 非常時政府施行體制待院會決定,立院十四日晨舉行臨時全院委員談話會，出席委員二〇六人，公推副院長劉健羣主席，當卽討論院內事務問題，經決定組織服務指導委員會，負責指導院內服務事宜，幷指定江一平·蔡培火·錢雲階·潘行興·李公權·白大誠·潘廉方等九人為委員。關於非常時期政府施行體制問題，會中亦曾論及，俟提出院會決定。 〔聯合社廣州十四日電〕立法院十四日舉行秘密會議，決定給予行政院長何應欽戰時緊急權力，以對共作戰，今後何氏之行動不受憲法或立法院決議之約束。同時，李宗仁派赴美國特使甘介侯今日飛往香港，聞携有李氏致杜魯門總統之親筆函，甘氏將嘗試懇請美國援助廣州中央政府。
xianfa,1,16,16. 西德政府成立前 設過渡機構 組織委員會處理行政,申報 日期：1949-05-15 版次/卷期：02 版 路透社德國哥特斯堡十三日電,https://z.library.sh.cn/http/80/10.1.30.77/yitlink/tm/tm_shownews.php?id=A2013040226759&qrygroup=1&qrynewstype=SP&n=16,西德政府成立前 設過渡機構 組織委員會處理行政,西德諸邦總理今日起開始在此開會，以便於四強外長於五月廿三日開會以前，卽由西德諸邦批准德國共和國之憲法。三強軍事總督已於昨日授權西德總理開始設立聯邦政府的準備工作，彼等乃於今日設立三個小組會，一以設法政府所需用之房屋，一以準備立法，一以起草政府組織計劃。如能及時批准憲法，可於外長會召開之日，明令公布憲法之施行。
xianfa,1,17,17. 美英法三督附保留條件 批准西德新憲法 政務暫由十一邦總理負責處理,申報 日期：1949-05-14 版次/卷期：02 版 合衆社法蘭克福十二日電,https://z.library.sh.cn/http/80/10.1.30.77/yitlink/tm/tm_shownews.php?id=A2013040226653&qrygroup=1&qrynewstype=SP&n=17,美英法三督附保留條件 批准西德新憲法 政務暫由十一邦總理負責處理,美英法佔領軍總司令今日以軍事總督資格，批准波恩制憲議會所通過設立西德政府之憲法。一般認為彼等於柏林封銷解除後廿四小時內採取此舉，實為重申盟國決心組織西德政府，直至和約簽訂或簽訂前蘇方有願予合作之表示。 盟軍司令並未改變憲法之字句，但作六項保留，盟軍司令復向波恩制憲議會道賀其在困難環境下，圓滿完成此艱難任務。憲法旣經盟方批准，德人逐步舉行選舉，或許在七月中旬舉行，俾在國會兩院之外有一政府，設總統與總理各一人。盟軍司令對於憲法所作保留如下：〔一〕通知德人弗忘行政與立法兩項權力，均須受盟國佔領軍命令之限制。〔二〕聯邦政府從西德各邦徵用警察之權力，以得盟軍當局特別核准時為限。〔三〕不詳。〔四〕非待和約簽訂，不能實行改變西德邊境之特殊權力。〔五〕說明德國各邦給予聯邦政府之若干立法權，須經盟方愼密檢討。〔六〕審愼限制聯邦政府從各邦接掌權力，以求經濟平等之權。波恩制憲議會擬設一十八人「執行委員會」，執行政府工作，以待西德政府正式成立一節盟軍司令旣未加以批准，亦未否決。美軍總司令克萊稱，此項問題留待西德佔領區十一邦之行政長官辦理。
xianfa,1,18,18. 柏林封鎖雖已解除 英美空運仍不輟 克萊勗德人為爭取自由奮鬥,申報 日期：1949-05-14 版次/卷期：02 版 合衆社柏林十二日電,https://z.library.sh.cn/http/80/10.1.30.77/yitlink/tm/tm_shownews.php?id=A2013040226667&qrygroup=1&qrynewstype=SP&n=18,柏林封鎖雖已解除 英美空運仍不輟 克萊勗德人為爭取自由奮鬥,柏林封鎖雖已解除，盟方當局及德人仍懷疑的注視俄人。空運仍在繼續，其意義為一種警吿，意謂西方國家對冷戰中可能新戰爭有所準備。封鎖解除後數小時，蘇聯發動頗有聲勢之宣傳運動，欲參加管制魯爾工業區。 據披露，英美決繼續空運，直至柏林貯有二十萬噸食物後，以防蘇聯有任何詭計。迄十二日正午之廿四小時中，盟方飛機共飛行一千零八次，運抵柏林之供應品共計九千零四十七噸。 〔合衆社柏林十二日電〕卸任德境美軍司令克萊今日吿歡然慶祝封鎖解除之柏林市民稱，彼等已取得自由，應聯合蘇聯佔領之德國共同保衛彼等之自由。克萊係在柏林西區市議會特別會議中致詞道別，謂渠亦與德人同樣，切望德國統一。聽衆聞言，歡呼雷動。但克萊又警吿稱，「但決不能犧牲波恩新憲法所保證之自由以取得統一。」波恩憲法係西德政治領袖擬定，作為永久性西德政府之基礎，蘇佔領區之德人並未參加。克萊復稱，封鎖結束，其意義不僅在火車與卡車重又行駛而已，尚有更切之意義。柏林人民已取得自由之權，將為各地愛好自由之人所接受。英法軍司令均將同意我人一如諸君欲見德國統一，但統一之到來，決不可犧牲甫在波恩通過憲法所保證之自由。柏林市民之選取自由，準備接受犧牲以保自由者，與英美空運飛行員同為「封鎖中之眞正英雄。」
xianfa,1,19,19. 東憲法 在起草中,申報 日期：1949-05-13 版次/卷期：02 版 路透社柏林十二日電,https://z.library.sh.cn/http/80/10.1.30.77/yitlink/tm/tm_shownews.php?id=A2013040226560&qrygroup=1&qrynewstype=SP&n=19,東憲法 在起草中,東德領袖人民議會主席諾許克昨日聲稱，欲在西德憲法與正由德人民委會起草中的東德憲法之間，獲得折衷方案，並不困難，在起草中的東德憲法，須經人民大會批准後始能生效。人民大會代表將於本週末選舉，然後即根據人民委會起草之憲法，逐條加以討論。諾氏並稱，渠所領導的人民委會將不贊成由東德與西德諸邦合組散漫的聯邦，除此以外，人民委會願意贊成任何確保德國統一的折衷憲法。 〔法國新聞社柏林十一日電〕彼恩制憲議會主席亞丹諾今日下午乘機抵此後招待記者稱，波恩議會將拒絕與東區之所謂「人民議會」發生接觸，蓋此人民議會並不具有民主憲法。亞氏又謂，新憲法將於二週內公佈，在公佈後即將舉行選舉，使政府能於今夏開始成立。
xianfa,1,20,20. 西德國基本法律 保障人權防止再侵略 呼召全國統一奠定和平基礎,申報 日期：1949-05-12 版次/卷期：02 版 聯合社波恩十日電,https://z.library.sh.cn/http/80/10.1.30.77/yitlink/tm/tm_shownews.php?id=A2013040226455&qrygroup=1&qrynewstype=SP&n=20,西德國基本法律 保障人權防止再侵略 呼召全國統一奠定和平基礎,德意志聯邦新憲法一百四十六條，在世界各國憲法史上獨樹一幟。其最有憲義之條文，規定禁止侵略戰，而以國家主權移屬將來之歐洲聯邦，尤屬創舉。其人權一章承認「人的尊嚴不可侵略……」。一切郵電檢查，新聞檢查，書報雜誌檢查概在禁止之列。新憲法一面使德人遵守國際公法，一面給以更大之自由，此種自由即在新特勒之前，德人亦未享受過。 任何野心家「以武力或企圖以武力」變更憲法，或篡奪國家元首之職權而自成為獨裁者，須受終身監禁之處分。德國政界領袖譽此憲法為「舉世最前進之憲章」。 其次，憲法條文一再呼召全國統一，聲明西德國僅屬暫時性質，足見其並不歡正式使東西兩部永久分裂。其序文稱，「德國人民深知其對於上帝對放人類之責任，決心保特其民族及政治之統一，在歐洲聯邦中以平等地位貢獻於世界和平，茲本其制憲職權，制定此德意志聯邦共和國之基本大法，俾為過渡時期之政治生活賦以新秩序。太議會之所為，且係代表其他德國人民〔指東德〕，他們的參加並未加以拒絕。德意志全體人民現須以自由自決，完成德國之自由及統一」。憲法規定疆域一條亦用「暫時」字樣。 彼恩憲法為著重和平起見，未規定編練陸軍或宣戰權，並聲明任何德人不得「違反其良心」，被徵服兵役。其禁止侵略戰或準備侵賂戰一條稱：「任何行為凡擾亂或意圖擾亂各國和平關係者，尤其是準備侵略戰者，實屬違反憲法，應受懲處」。德國安全須賴國際集體保護，其主權規定移屬「國際機構」如歐洲聯邦之類。為維議和平計，德國聯邦得參加「互助的集體安全組織」。 關於人權一章，新憲法規定：〔一〕各人在法律之前，一列平等。〔二〕出版自由及以無綫電與電影報導自由應受保障，不得檢查。〔三〕全體德國人民，無須事前通知或獲得許可，得從事和平無武裝之集會。〔四〕住宅不可侵犯。〔五〕任何人不得因性別，血統，種族，文字，信仰或政治思想而受歧視或取得特權」。〔六〕「各邦職權係人民所賦予，應由人民以立法，行政及司法機關執行之。」。 憲法聲明人民可「自由組成」各種政黨，惟亦奠定禁止共產黨或任何軍國主義派活動之張本，規定各政黨必須根據「民主原則」如企圖危害「自由民主基本秩序」者，或危害聯邦存在者，均屬違反憲法。
xianfa,1,21,21. 向德人民話別 克萊語重心長,申報 日期：1949-05-12 版次/卷期：02 版 聯合社柏林十一日電,https://z.library.sh.cn/http/80/10.1.30.77/yitlink/tm/tm_shownews.php?id=A2013040226448&qrygroup=1&qrynewstype=SP&n=21,向德人民話別 克萊語重心長,德境美軍總督克萊即將退休返國，今日向德境美英合併區經委會話別，據稱，美國希望德國統一，抵要各佔區同樣保嶂波恩憲法所包括之自由。德人應致力三大工作：〔一〕認識盲由〔二〕立志永不放棄自由；〔三〕適當運用自由。克萊此種言論，典德境英軍總督羅勃森，前此之聲明相一致，羅氏曾謂西方國家決不在巴黎外長會議中，出賣基本民主的權利。
xianfa,1,22,22. 東德人民議會 將辦理選舉,申報 日期：1949-05-12 版次/卷期：02 版 英國新開處倫數十一日電,https://z.library.sh.cn/http/80/10.1.30.77/yitlink/tm/tm_shownews.php?id=A2013040226468&qrygroup=1&qrynewstype=SP&n=22,東德人民議會 將辦理選舉,德境蘇佔區與柏林蘇佔區將於本月十五十六兩日，舉行新人民議會選舉。該人民議會將審查及通過「德國民主共和國」憲法草案，該草案係由人民理事會所擬訂，並於三月十九日經該會通過。該憲法中並無防止一黨專政之 制與平衡制度，已為非共產之德國報紙嚴加指責。人民誶會及人民理事會之整個組織，表面上雖代表各黨各派及全體德國人民，然全為蘇區共黨分子及其黨羽所操縱，並朱為多數人民所擁護。去年 夏季節，該組織會擬舉行全民投票，當時美軍佔區未准人民簽名，英佔區中雖 准許，然支持者寥寥。
xianfa,1,23,23. 四強外長會議前夕 艾契遜闡明立塲 美出席代表團名單公布傑塞普波倫今日飛巴黎,申報 日期：1949-05-12 版次/卷期：02 版 本報訊,https://z.library.sh.cn/http/80/10.1.30.77/yitlink/tm/tm_shownews.php?id=A2013040226443&qrygroup=1&qrynewstype=SP&n=23,四強外長會議前夕 艾契遜闡明立塲 美出席代表團名單公布傑塞普波倫今日飛巴黎,華盛頓十一日廣播：美國務卿艾契遜在記者招待會中稱，東西兩方是否能在四強外長會議中獲致協議，須親蘇聯是否願意支持西方國家，使德國併人和平的歐洲集團而定。艾氏又稱：美國政策在使德國統一，保證全體人民均享有基本民權。美國不擬接受不能保障此種基本權利之任何統一德國建議。艾氏盛讚西德領袖草擬德國聯邦憲法獲得團滿成績。 〔路透社倫敦十日電〕「紐約時報」倫教記者報告稱，員文外相訪德歸來後，立即開始準備五月廿三日在巴黎舉行之區 外長會議。一般人士對於此次會議之收穫，尚有表示懷疑者。彼等認為除非蘇聯完全變更其在上屆外長會中所持之熊度，則巴黎會議難望有任何成就。就英美法三國言，彼等對於目標均持堅定熊度，彼等相信蘇聯之決定解除封鎖，僅為變更手段而非變更原則，其主要目標仍為將德國置入蘇聯勢力圈內。至目前為止，三強在巴黎會談中的目標已完全趨於一致，惟在會中所取手段或方策，尚待統一。此間觀察家相信，蘇聯在巴黎外長會中所取之政策，將以去年六月蘇聯與其衛星國在華沙所擬之德國計劃為基礎。該次會後發表之宣言，建議〔一〕完全解除德國武裝；〔二〕四強共管魯爾工業區；〔三〕四強就觀織各黨全德政府之事獲致協議；〔四〕與德締結和約，俾於和約簽字一年後撤退駐德佔領軍；〔五〕擬具使德給付賠償的措施。 〔美國新聞處華盛頓十日電〕五月廿三日在巴黎開幕之外長會議，美國首席代表將由國務卿艾契遜担任，美無定所大使傑塞普將任交替代表。國務院今日公佈美代表國臨時人選如次：聯合國美代表杜爾斯將任代表團顧問，杜氏係共和黨外交問題專家之一。國務院德奧司長墨飛將任德國問題美國副代表，墨飛原係美駐德軍事長官古萊政治顧問。國務卿特別 辦白特爾及無定所大使特別幫辦岳斯特，將分任美主席代表及交替代表特別助理。國務院國際会議組长克契納將任代表團秘書長。代表團其他顾問計有國務院参議波倫，國務卿德奧事務幫辦皮姆，東歐司長賴哈特，德國政治事務組長特里維，德國經濟事務組組長賴因斯坦，德奧司職員哈萊遜，國務院德國問題法律顧問奧本哈墨。代表團新聞發佈將由國務院新聞連絡官麥克德 處理。傑塞普及波倫將於十二日赴巴黎，俾在外長會議揭幕前先作初步商談。艾契遜及其他代表則將於下過杪乘機赴法。
xianfa,1,24,24. 法內閣核准大西洋公約 附保留條件批准兩德憲法,申報 日期：1949-05-12 版次/卷期：02 版 本報訊,https://z.library.sh.cn/http/80/10.1.30.77/yitlink/tm/tm_shownews.php?id=A2013040226453&qrygroup=1&qrynewstype=SP&n=24,法內閣核准大西洋公約 附保留條件批准兩德憲法,倫敦十一日廣播：巴黎訊，法內閣無條件批准大西洋公約及建議中之歐洲議會。內關於舉行三小時會義後，發表公報稱：該兩案即將 呈歐禮和總統批准，然後提交國民議會以待辯論。此外內閣復批准西德憲法，附有若干保留。
xianfa,1,25,25. 西德新憲法 可獲盟國批准,申報 日期：1949-05-12 版次/卷期：02 版 路透社柏秣十日電,https://z.library.sh.cn/http/80/10.1.30.77/yitlink/tm/tm_shownews.php?id=A2013040226449&qrygroup=1&qrynewstype=SP&n=25,西德新憲法 可獲盟國批准,據英軍政府發言人宣布，三強總督將於十二日下午在法蘭克福開會，以便批准西德憲法。盟國官員相信三督將於十二日或十三日在法蘭克福簽准該憲法。
xianfa,1,26,26. 印對外政策與各國友好,申報 日期：1949-05-12 版次/卷期：02 版 本報訊,https://z.library.sh.cn/http/80/10.1.30.77/yitlink/tm/tm_shownews.php?id=A2013040226457&qrygroup=1&qrynewstype=SP&n=26,印對外政策與各國友好,尼氏認為絕大多數人民皆歡迎此決議，彼謂：「余已屢次宣佈，吾人之對外政策為努力求和平。且與一切國家獲得友好關係，而避免加入政治集團，此仍為吾人政策之準繩，吾人於頗久前，即發誓完成印度之完全獨立，此點今已完成，但印度與聯邦中其他各邦聯合並不因此喪失其獨立，蓋此項聯合，完全自由，絕無任何義務也。吾人需知，聯邦並無超然國家之意義，吾人已同意將英王視為此自由聯合之象徵首長，但英王對聯邦之地位並無任何職權，英王在印度憲法中，並無任何地位，故吾人不必向其效忠，余在作此決議時，當然顧及印度之利益，蓋此為余之第一個責任，但余一向認為最大之責任，為全世界之福利，此為聖雄甘地所予吾人之教訓。聖雄亦教導吾人在維持印度自由及尊嚴之原則下，追求和平之道，且與其他各國友善，世界今日充滿戰鬥，大災已在醞釀中，人類心中之仇恨恐懼與猜疑，已膜蔽彼等之視覺，因此吾人對任何足以減少世界摩擦之行動無不表示歡迎。
xianfa,1,27,27. 走向民主黨路線重要步驟 西德斯新憲法成立 保障人民信仰言論自由 聯邦政府七月中旬產生,申報 日期：1949-05-10 版次/卷期：02 版 聯合社德國波恩八日電,https://z.library.sh.cn/http/80/10.1.30.77/yitlink/tm/tm_shownews.php?id=A2013040226234&qrygroup=1&qrynewstype=SP&n=27,走向民主黨路線重要步驟 西德斯新憲法成立 保障人民信仰言論自由 聯邦政府七月中旬產生,希特勒失敗後德國政府第一部憲法今日成立，西德製憲議會於勝利四週年紀念午夜前數分鐘，付三讀表決，贊成者五十三票，反對者僅共黨一票及巴威略邦右派十票。巴邦代表稱，新憲法未能以充分權力賦予各邦。共黨則始終反對西德軍單獨成立一國。製憲議會討論已八個月，今日最後宣布表決結果時，旁聽座上歡聲雷動。議長卽將憲法抄錄副本分送英法三軍總督請求核准。憲法共一百四十六條，規定設立聯邦民主政府，治理西德美英法佔領區四千六百萬人民，以待全德政府成立。三佔區並將辦理選舉，組織議會。新政府定於七月十五日就職。新憲法並規定採用紅黑金威瑪共和國旗幟為西德國旗。完成歷史性事件之。波恩憲法在德國史上展開一新頁，納粹獨裁及死室恐怖時代從此正式結束。新憲法並規定廢死刑，無陸軍，總統或議會均無宣戰權，陰謀侵略者受重傷，國家主權均屬歐洲聯邦。人民不分男女，不分種族信仰語言及政治思想，均有言論出版集會結社信仰之自由。郵電及新聞檢查絕對禁止。新憲法採取英美式，以指定之職權賦予聯邦政府，其餘職權則由各州保留。議會採上下兩院制。 〔法國新聞社法蘭克福九日電〕西德十一邦總理將於星期五在哥德斯堡會商過波恩憲法後之各問題。
xianfa,1,28,28. 八月中印獨立紀念 制憲會將公布憲法,申報 日期：1949-05-10 版次/卷期：02 版 路透社新德里九日電,https://z.library.sh.cn/http/80/10.1.30.77/yitlink/tm/tm_shownews.php?id=A2013040226246&qrygroup=1&qrynewstype=SP&n=28,八月中印獨立紀念 制憲會將公布憲法,印度制憲議會將於五月十六日在此召開末次會議以完成草憲之最後工作，該項憲草完成後，將於八月十五日印度獨立二週年紀念日公布。 〔法國新聞社新德里八日電〕巴基斯坦電臺今日廣播稱，聯合國印巴問題委員會，已決定展緩印巴兩國答覆該委員會所提休戰協定草案之期限。
xianfa,1,29,29. 立院院務檢討會 童院長報告在京復會原因與經過 希望組調查會澈底調查,申報 日期：1949-05-10 版次/卷期：01 版 中央社廣州九日電,https://z.library.sh.cn/http/80/10.1.30.77/yitlink/tm/tm_shownews.php?id=A2013040226213&qrygroup=1&qrynewstype=SP&n=29,立院院務檢討會 童院長報告在京復會原因與經過 希望組調查會澈底調查,立院九日下午三時舉行院務檢討會，出席委員二零八人，徐源泉主席，首由童院長報告在京復會經過及疏散情形，維由秘書長陳克文報告事務及財務情形，及南京撤退時經過，委員彭醇士·潘于英·彭鎭寰·陳紫楓·盧宗濂等相繼發言，對院務有所詢問，最後由童院長答覆，並希望在十日院會席上正式提議組織一調查委會，推選若干委員澈底調查，以明真相，如果渠本人確有不法情事，自當依法處理，渠盼立院同人勿意氣用事，免傷和氣。至六時許宣告散會。 童院長於報告關於南京復會問題時稱，部份同人對於這事不大了解，過去因為有許多問題，沒有機會向各位說明。本年二月初，政府從南京撤退後，南京虛空，幾乎成為無政府狀態，那種情形，今天在座委員有許多看見的，嗣經幾位首長研究後，囑本人同于院長於二月八日飛廣州，先請重要首長返京，把南京政府精神力量支持起來，然後從事於安定軍心民心，作一個准備，這種情形，對於外面不好發表，所以事前同于院長商定，卽是看看這裏籌備的情形，當時最重要的，是請孫院長吳副院長返京，對於整個局面，作個詳細籌劃。本人在穗時，報上登載，謂本人已答應在廣州復會，這是不確的。 二月十二日，本人同于院長飛上海，我報告了此地的情形以後，有一位同仁說「院長，你認為在南京復會好，抑廣州復會好」？我的答復是為聽從多數人的意見，大家說要在廣州，廣州已有准備，若要在南京，就馬上准備。十三日晚車本人回南京，向李代總統報告。十六日赴上海，出席談話會，到場委員有百多人，當時發言的人很多，很熱烈以後，一致決定在南京復會，日期由院長決定。本人十三日回南京時，有各地來的許多電報和信，這些電報和信，有主張在南京復會的，有主張在廣州復會的，統計結果，主張在南京復會的三百個人，在廣州復會的一百多人。出席上海談話會後回到南京，在同京仁堅決主張在京復會，並要本人十七日發表，我說必須先把經費問題解決，後來同徐部長交涉經費，徐部長答應先借，依照憲法規定，二個月內復會，二月只有二十八天，計算各方面來京途程至少一週，所以決定二十日開始報到，這是在南京復會的原因和經過。 〔中央社台北九日電〕立委高廷梓等廿餘人，九日搭機飛穗，出席立院院會。另有立委四十人，將於十一日，十六日兩日批分飛穗。
xianfa,1,30,30. 東德領向西德建議 商統一德國步驟 撤除封鎖殆已完成準備,申報 日期：1949-05-09 版次/卷期：02 版 路透社柏林七日電,https://z.library.sh.cn/http/80/10.1.30.77/yitlink/tm/tm_shownews.php?id=A2013040226136&qrygroup=1&qrynewstype=SP&n=30,東德領向西德建議 商統一德國步驟 撤除封鎖殆已完成準備,當蘇聯及西方交通人員於昨夜正在商洽解除封鎖之時間表之際，自稱代表整個德國之「德人民委員會」突然建議，與西德代表在英區勃朗維克開會，以起草關於德國政治經濟文化統一的計劃，以便向五月廿三日巴黎之四強外長會議提出。 該項建議並要求迅速締結和約及撤退佔領軍。該項建議書由東德基督民主黨，自由民主黨及社會統一黨代表諾許克，卡斯特納及格洛特伍爾簽署，其中並指出若在外長會議召開以前，企圖以西德政府之成立造成旣成事實，足以加深東西德間之分裂。按西方強國已一再聲明，四強在紐約所成立之協定，不應干涉預定於今夏設立西德共和國之計劃，惟西德憲法制定的方式，可以於四強獲得協議後，使其得以適用於全德國。 〔法國新聞社柏林七日電〕權威方面謂，西方各國與蘇聯當局已在柏林作第一次接觸，討論解除封鎖之各細則，但討論之內容，則守極端秘密。同時弗蘭克福雙佔區軍事運輸機構之英美代表亦已抵此，會商解除封鎖之細則 〔路透社柏林七日電〕英發言人聲稱，英美運輸官員已告知德鐵路當局，準備於五月十一日午夜恢復至柏林火車之行駛。彼等並囑鐵路當局儘可能調集車皮，以便將煤斤糧食原料消費品輸往柏林。 〔路透社柏林七日電〕柏林蘇區政府今夜宣布願於柏林封鎖解除後，立即恢復對西柏林之電流供應。
xianfa,1,31,31. 制憲議會批準憲草 西德設雛型政府 為德國統一政府樹立基礎,申報 日期：1949-05-08 版次/卷期：02 版 路透社西德波恩城六日電,https://z.library.sh.cn/http/80/10.1.30.77/yitlink/tm/tm_shownews.php?id=A2013040226056&qrygroup=1&qrynewstype=SP&n=31,制憲議會批準憲草 西德設雛型政府 為德國統一政府樹立基礎,德國政治家已於今日在此設立西德之雛型政府，西德制憲議會今日決定設立一臨時委員會，以執行聯邦政府成立前之政府任務。該案前動議人自由民主黨領袖薛費，謂該過渡委員會之目的，在收集並研究資料，以準備統一的立法，同時並草具設立各政府部門之法令，俾聯邦政府成立後即可立時展開工作。 〔聯合社德國波恩六日電〕制憲議會今二讀通過西德政府憲章，僅共黨議員兩名投反對票。憲草將於作日舉行三讀，其中有兩條特別富於與味：〔一〕要求將西柏林併入西德，此議早由美英法軍政府總督表示反對；〔三〕規定取消西德罪犯之死刑，此乃共黨所贊成之唯一條文。此外，西德首都所在將於八日會議中決定之，西德共和國成立蜞暫定七月十五日。 〔合眾社波恩六日電〕德制憲議會今日選出一十八人之執行委員會暫為政府，此一西德政府將在盟國監督下行政，正式之政府將在七月下旬舉行普選後正式成立。盟國方面已準備將德境佔領區移交文官管制，對德國之行政將儘少過問。西德臨時政府係自議員中選出共七名，計社會黨一人，基督民主黨一人，自由民主黨二人，及其他各黨各一人。據柏林方面透露，西方盟國軍事長官業已賦權予西德政府，一俟該政府正式成立後將可設立聯邦警察隊。西德領袖於四強同意解除柏林封鎖及舉行四強外長會議之際，倉卒成立憲法及決定成立政府，蓋德人希望若西方盟國與蘇聯獲致協定，則德國統一政府可能以波恩憲法為基礎。
xianfa,1,32,32. 未來巴黎四强外長會議 美决爭取主動地位 希望德奧問題同時求解决 蘇可能建議劃世界勢力圈,申報 日期：1949-05-07 版次/卷期：02 版 合眾社華盛頓六日電,https://z.library.sh.cn/http/80/10.1.30.77/yitlink/tm/tm_shownews.php?id=A2013040225955&qrygroup=1&qrynewstype=SP&n=32,未來巴黎四强外長會議 美决爭取主動地位 希望德奧問題同時求解决 蘇可能建議劃世界勢力圈,據若干跡象，高級外交顧問正力促國務卿艾契遜在巴黎四强會議中採取主動，否則蘇聯將利用該項會議，對德國人民發動主要的宣傳攻勢。渠等認為蘇聯楞望提出下列三項建議：〔一〕在德國中央政府下統一全德國；〔二〕加速撤退佔領軍；〔三〕加速完成對德最後和約。此三項建議，無疑將獲得德國國家主義者的支持。顯然國務部正在草擬應付及擊敗蘇聯此項建議的草案，目前雖尚未完成，很官員指出，西方國家可能要求蘇聯同意對奧和平解决，此舉將使蘇聯自奧·匈·羅三國撤軍，而削弱蘇聯在東南歐衛星國地區的力量。 〔合眾社華盛頓五日電〕國務院發言人麥克德謨五日透露：美國無任所大使傑塞普因負責解除柏林封鎖的初步談判，或將隨國務卿艾契遜赴巴黎參加五月廿三日的四强外長會議。渠稱，會議的正式議程尚未擬定，渠並稱，奧國問題可能包括在議程內，因其與德國問題關聯。 〔合眾社華盛頓六日電〕外交圈內六日發生一種揣測：蘇聯可能在巴黎四强外長會議中，向美國提出一項「密議」，正式將世界分為兩大勢力 圍。具有該項觀點的觀察家稱，蘇聯可能建議：〔一〕美國承認中國共產黨政權，在中國採取「放手」政策，承認中國為蘇聯的永久勢力範圍。〔二〕蘇聯則將停止其在西歐的分裂運動，並同意以民主方式解决德奧問題。美官員指出，此舉無疑將被國務卿艾契遜所拒絕，因為美國絕對反對任何形式的秘密協定。 〔法國新聞社柏林五日電〕英佔領軍司令羅勃森今日在記者招待會中，預測德國中央政府將於不久成立。羅勃森謂，對鎖解除後，四國會議若能順利進行，則成立一全德中央政府已不在遠。羅氏認為在波恩憲法之規定下，德人可獲得和平快樂及足以自傲之生活，希望東德地方政府能樂意按波恩憲法參加聯邦政府，此舉並無不可能之處。同時德共黨在法蘭克福發表宣言，要求立即停止設立西德國的工作，指出在彼恩草憲之德領袖，不應「破壞」巴黎四强談判成功的可能性。
xianfa,1,33,33. 美國民主黨縱橫談,申報 日期：1949-05-07 版次/卷期：04 版 上,https://z.library.sh.cn/http/80/10.1.30.77/yitlink/tm/tm_shownews.php?id=A2013040226020&qrygroup=1&qrynewstype=SP&n=33,美國民主黨縱橫談,Arthur M．Schesinger著 宋桂煌譯 美國共和黨雖有「大老黨」〔Grand old party〕之稱，但是它實際上只達到了九十四歲的矯健中年。民主黨則已年達一百五十六歲，顯然是在美國政治中活動而迄未中斷的最老政黨，差不多與美國同年。早在華盛頓內閣中，當哲斐孫與漢彌爾敦激烈鬥爭時，民主黨的生命便已開始了。漢彌爾敦的聯邦黨，後來雖曾以輝格黨〔Whig party〕與共和黨的名義一再還魂轉世，但是它僅僅活了三十年，惟有哲斐孫的黨的生命迄未中斷。這個黨雖然孱弱多病，但是它具有一種活力，以到處雖然歷經戰爭，不景氣，政治失敗，以至政治勝利，終能活到今日。 民主黨最近已經當政十六年之久，惟內部分裂情形甚劇，不可諱言。當一九四八年舉行全國代表大會之際，幾陷於分崩離析之境；因了舉行競選宣傳之故，便引起了黨內種種互相攻擊詆毀的激烈風潮。如紐約市長杜爾與密士失必州的翰朗金〔John Rankin〕，又如漢特森與布爾特，除概不贊成為杜魯門提名而外，在他們之間很難看出共通之點。美國人士中擁護民主黨的分子及有組織的工人們，尋常固然支持民主黨，但是最熱中的鑽營家及虐待勞工者也支持民主黨。 即在外交政策方面，大多數的民主黨雖都是國際主義者，但是誰也不能忽略了惠勒·奧丹尼爾等含有毒素的孤立主義者。佛蘭克林·Ｄ·羅斯福，雖具有政治的天才，竟也難將這班人收攏在一起。現在，民主黨殆已四分五裂了。有一部分黨員跟着華萊士及親共產派走上進步黨的故道，另有一部分黨員，則追承受着南卡羅林那州長爾蒙及那班不知悔改的叛徒。其餘的分子，為南方之中和派，新政派，工商界鉅子，及樸素無華的民主派，暫時勉強團結在一起，採取共同行動。這個非常的政治同盟，也曾有過真正的意義嗎？ 佛琴尼亞州的麥狄遜是美國憲法之祖。他曾有一句名言道：「黨派形成之最普通而持久的泉源，向來都是財產之各種不平等的分配」。他又曾說：「根據財產的差異，應為近代立法的主要任務，因而尋常的行政必須含有黨派的精神」。 麥狄遜時代的階級利益如何呢？有些人士圍繞於工商界，即資產階級及債權人，商業資本家及金融資本家。這班人士意圖控制漢彌爾頓的黨，而因了漢彌爾頓聯邦黨的興起，麥狄遜序列中的其餘分子，——卽地主·負債人·及無產階級——便立於的驛地位。因而哲斐孫的黨便起而為非工商界的分子說話。自此以後，民主黨便始終堅持這種任務，迄未改變態度。 誠然，在十九世紀的六十年代中，民主黨所得北方人民的支持曾失去了不少，這是因為蓄奴者在黨得勢之故；並且其後便永久未能恢復北方農民的支持，其間只有偶於短期內，北方農民因榖賤之故，才不得不擁護市里安及佛蘭克林·D·羅斯福。但是自內戰以後，民主黨便逐漸恢復了它的舊有模型，即將南方保守派農民·北方的自由分子·有組織的工人·及城市中的工商領袖，雜粹式地聯合起來。 哲斐孫與漢彌爾頓，當華盛頓任總統時，一個任國務卿，一個任財政部長。哲斐孫說：這兩個人「好比一個窠中的兩上雄鷄」，但是兩人的互爭雄長，不徒是人事之爭而已。漢彌爾頓意欲建立一個強有力的中央政府，其賦稅政策足以引起工商界的擁護。他覺得對於資產家，必需爭取之，而他對於平民，則不予信任。他在制憲會議中曾經說道：「平民都是好亂而多變的，他們判斷與決定，鮮有是正確的」。 但是哲斐孫同情於南方農民，深怕中央集權政府，將允許資本家剝削農民。他主張限制聯邦政府的權力，並保障各州的權利。他並且提出，人民是權力的最後保藏所，並且是行政者之最後的裁判人。哲斐孫從這種見地來看覺得不安。一七九三年五月十三日，其時華盛頓第二任為時尙未久，哲斐孫便寫了一封責難的信給總統，於其中第一次提出了他的黨的名稱。他說：「欲保持現有的政府體制的共和黨，其人數較之君主聯邦派為尤少」。 今日的民主黨，在當時被稱為共和黨者計達三十年之久，其人數雖較少，但黨員均願繼續奮鬥下去。他仍以哲斐孫為一個偉大的政治領袖，因為他對於民主的價值與目標，有着深刻無比的了解。哲斐孫的原則，誠如林肯後來所說，便是「自由社會的定義與原則」。他不但具有偉大的哲理，並且具有非凡的才能，而為具有魄力的政治家。他即在寫信給華盛頓以前，亦曾親詣紐約，以促成南方農業家與北方工商界領袖的團結。例如 坦馬尼公所的領袖柏爾，後來也成了一個有勢力的哲斐孫派。哲斐孫的理論，我們在今日已經司空見慣 了。 一八〇〇年大選，因為哲斐孫準備充分，所以共和黨〔即民主黨〕便握得政權。當這位被仇恨的佛琴尼亞人就任總統的時候，聯邦黨分子只有戰慄。在新英格蘭境內，婦女們甚至將她們的 飾品都收藏起來，誠恐要被新政府將其沒收了。康納狄格洲的聯邦黨杜懷特〔Theodore Dwinght〕宣稱，這個國家為惡人和愚人所統治了。他如瘋如癡地哭喊道：「一對一對的夫妻們及其一切幸福，都糟糕了，都被毀滅了；我們的妻女，都淪為妾腅了；我們的兒童都將一世便無人照顧了。……憑我們的想像，還有什麼情形比了地獄的這一面更加悲慘可怕嗎？」 但是哲斐孫自就任總統以後，自始卽表示和解的態度。他在就職演說辭中說道：「我們都是共和黨，我們都是聯邦黨。」他一朝握權之後他的為各州爭取權利及嚴密遵守憲法的主張，便被收回了。他表示遇必要時，便可通融憲法行事，例如購買路易西安那，便是一端。換言之，爭取各州權利，在哲斐孫實為一個次要的問題，而最要者卻是他之欲為國家實現各個基本的目標。有許多聯邦派都因哲斐孫政策的中和性而改入共和黨，例如約翰·亞當斯便是其中之一人。至一八二〇年，聯邦黨遂告滅亡。 傑克於一八二九年就任總統後，黨的歷史便已進攻了新的階段，傑克遜是一個強有力而具決斷性的領袖，不畏懼任何人，而對於政策則能堅信不疑，因此，他便將總統職位的整個性質改變了。他的名譽活躍於史冊。當他就職之日，羣眾擁入白宮，接受他的招待，但是他的貢獻更加真實。他的加強行政元首的權力，為後來的歷屆總統樹立了典範，至今被追踪不息。
xianfa,1,34,34. 西德决成立 臨時政府,申報 日期：1949-05-07 版次/卷期：02 版 本報訊,https://z.library.sh.cn/http/80/10.1.30.77/yitlink/tm/tm_shownews.php?id=A2013040225968&qrygroup=1&qrynewstype=SP&n=34,西德决成立 臨時政府,倫敦六日廣播：西德制憲議會六日决議立即成立臨時西德政府，至正式政府成立時解散之。臨時政府人員將於六日夜自波恩議會七十議員中選出，於星期日波恩議會通過憲法後即行開始工作。
xianfa,1,35,35. 援歐復興計劃 已產生效果 艾契遜發表演說,申報 日期：1949-05-05 版次/卷期：02 版 路透社華盛頓三日電,https://z.library.sh.cn/http/80/10.1.30.77/yitlink/tm/tm_shownews.php?id=A2013040225766&qrygroup=1&qrynewstype=SP&n=35,援歐復興計劃 已產生效果 艾契遜發表演說,美國務卿艾契遜今日在美商會大會中演說，表示自由及民主勢力，可得自西歐最近的發展獲得鼓勵。自歐洲復興方案推動以來，西歐的極權勢力已不能再有進展。在西歐每一次重要選舉中，人民均已明確的表現其對憲法政府的支援，尤其在法義兩國，共黨阻撓復興的企圖，均被政府採取强力行動擊敗。工人已逐漸認識共黨暴動的威脅，由於人民對於未來的信仰漸增，因此生產隨之增加，金融亦趨於穩定。艾氏繼日，為保持經濟復興的動力，必須有大西洋公約輔以軍事援助計劃，對安定勢力給予保障。美援所鼓動的經濟復興動力，已因將受武裝侵略而感不安，北大西洋公約可以消减此種不安心理，使西歐人民得以致其全力於復興事業。
xianfa,1,36,36. 實施新憲二週年 日舉行慶祝,申報 日期：1949-05-04 版次/卷期：02 版 合眾社東京三日電,https://z.library.sh.cn/http/80/10.1.30.77/yitlink/tm/tm_shownews.php?id=A2013040225673&qrygroup=1&qrynewstype=SP&n=36,實施新憲二週年 日舉行慶祝,日本人民約五千人，三日結集於皇宮廣塲，參加佔領當局批准的民主憲法的兩週紀念儀式，爲憲法及日皇高呼萬歲。日皇裕仁及日后均蒞會，吉田首相致辭，祝賀日本人民在佔領下的民主進步，並要求日本人民繼續保持新自由，從事民主工作，並繼續與佔領軍合作。
xianfa,1,37,37. 波茨坦協定壽終 西方握王牌在手,申報 日期：1949-05-04 版次/卷期：02 版 本報訊,https://z.library.sh.cn/http/80/10.1.30.77/yitlink/tm/tm_shownews.php?id=A2013040225659&qrygroup=1&qrynewstype=SP&n=37,波茨坦協定壽終 西方握王牌在手,卽自波茨坦協定以來，蘇聯已第一次採取守勢，而輪到西方國家第一次取得主動的指揮地位。三國相信柏林的封鎖及西方强調對東德及東歐的反封鎖，已迫使蘇聯在冷戰中趨於遷就一般僉料在召開的四强會議中，蘇聯將提出斷然的計劃，要求立卽恢復德國的統一及撤退一切佔領軍。西方國家則將答以須待和約簽訂後，始能撤退駐軍。三強願與蘇聯合作，以促成對德和約的締結。同時三强並將聲明波茨坦協定業已死亡，四强的新談判應以新局勢爲基礎，尤其是以前進三强在華盛頓成立關於西德的協定爲基礎。職是之故，蘇聯如圖援用波茨坦協定，必將爲三强所拒絕。西方三强將歡迎蘇聯提出建議，使東德亦得基於波恩憲法，與德國其餘部份合併。西方三强同時亦將向蘇聯聲明，東德之與德國其餘部份合併，應以東德已有民主條件存在爲條件，例如舉行自由選舉，撤銷秘密警察，言論得以自由，各政黨得自由活動，並由盟國共同監督前項條件之執行等。西方觀察家預料蘇聯將拒絕此等關於東德之條件，如東德不能與西德合併，則西方盟國可能建議在東西德間建立某種橋樑，此項橋樑爲在柏林純由德人組織之一聯絡委員會，以處理東西德間尤其是經濟上的關係。如果意外地蘇聯竟能同意關於東德之條件，則誠不失爲戰後西方國家的一最大勝利。不然，如柏林之聯絡委員會成立，至少可使西方國家在完全由蘇控制的區域內取得一立足點。總之，德國問題發展至今，西方國似握有下屆四强談判的王牌在手。
xianfa,1,38,38. 社論 印度的新地位 英國政府在倫敦召開的帝國聯邦總理會議閉幕後，即將於上月廿七日發表公報稱：「印度政府已通知各聯邦政府，全國人民希望印度在行將實施的新憲法下能成為一獨立自主的共和國，但仍願在聯邦,申報 日期：1949-05-03 版次/卷期：02 版 一,https://z.library.sh.cn/http/80/10.1.30.77/yitlink/tm/tm_shownews.php?id=A2013040225557&qrygroup=1&qrynewstype=SP&n=38,社論 印度的新地位 英國政府在倫敦召開的帝國聯邦總理會議閉幕後，即將於上月廿七日發表公報稱：「印度政府已通知各聯邦政府，全國人民希望印度在行將實施的新憲法下能成為一獨立自主的共和國，但仍願在聯邦之內，繼續爲聯邦的一份子；且願接受英王爲聯邦的首長」。從此，印度的法理地位，即可完全確定，印度不復有英國政府任命的總督，且不復以英國的樞密院爲其高司法機關，而將爲一獨立自主的共和國，盡在名義上承認鷹王爲其首長而已。印度新地位的確立，不能不說是印度總理尼赫魯努力的結果，國民大會黨對於此次會議圓滿結束，咸表滿意，尤其對於印度獲得新的法理地位，更加表示熱烈歡迎。英印關係的合理調整，實爲亞洲安定的一個重要因素，我們站在鄰國的地位，對於鄰國將成爲獨立自主的共和國，自應表示無限的欣慰。 這次會議的主題，英國召開此次會議的動機，也就是要確定印度的法理地位，是否仍在不列顛聯邦的範圍之內。所以，在此次聯邦會議開幕的前夕，印度人民固然非常關切自己祖國的命運，就是英國朝野對於未來的英印關係，也莫不予以重視。例如自由黨的「新聞紀事報」盼望應印雙方仍作有效的合作，對於防止共產勢力在亞洲造成份裂局勢所必要的。保守黨的「每日電闻報」也說，如果印度認爲必須退出聯邦，則此事對於英印雙方均屬不利。英國輿論界重視印度，亦可想見。 在印度方面，尼赫魯總理曾於赴英之前，向印度議會提出兩項建議：,承認印度人民具有雙當國籍，即同時爲印度共和國及英帝國的公民；〔二〕印度獨立以後與帝國繼續保持聯聚。同時，國民大會黨也會舉行秘密會議，討論印度在英帝國會議中爭取獨立的問題。據說，國大黨也有兩種不同的意見。一是主張印度——完全脫離英帝國的羈絆，成爲獨立的共和國；另一則主張印度即使實施印度共和國的新憲法，仍應參加英帝國，尼赫魯便持這個意見。 印度爲亞洲的大國，也是具有悠久歷史和文化的古國。印度的歷史光怪陸離，無奇不有，實爲一部舊時代的歷史；新歷史的開始，則起自一九四七年八月十五日起。就印度歷時約可分爲三段：自亞利安人移民印度產生婆羅門教，至公元三二〇年笈多王朝開始的七百年，是由原始游牧到封建皇權及教權建立時期；至公元一五二六年接巴達立據蒙古朝以後二百數十年，是封建蒙古王朝侵入印度開始封建割據時期；一七五七年普希拉戰克萊武，奠定東印度公司獨霸勢力以後，直到一九四七年，是英帝國侵略統治印度時期。在舊印度的世紀中，印度人民遭受的是壓迫，分割，剝削：雖然舊印度歷史文化的發揚，產生了許多宗教家思想家和哲學家；但他們並未能拯救印度人民。在舊印度真能爲人民奮鬥。解除英帝國束縛的革命家政治家，要算甘地，尼赫魯師徒二人。甘地的一生，爲結束舊印度而奮鬥，他赤裸裸而來，赤裸裸而去，一生光明磊落。尼赫魯的一生，也爲創立新印度而奮鬥，一九四七年八月十五日後的印度，就是在尼赫魯領導下的半獨立半自由的新印度。 新印度的誕生已一年半，在地位上，它只是形式上的獨立，並未獲得真正的獨立；更由於印回的分治，巴基斯坦的崛起，把整個印度分裂成兩塊，印度聯邦與巴基斯坦在英帝國「分而治之」的作用下，依然得不到自己的獨立，充其量也不過能說英帝國二百年來的通知告一段落而已。但在政治上，軍事上，尤其是在經濟上，依然受到牽絆和束縛。說到國內，尼赫魯領導下的新印度，一年半以來確乎有了若干成就，除了經濟恐慌，人民貧弱諸現象，未能予以克服外，他如新印度領土上的確定與擴張，以及新印度國際地位的提高，和他兩次召集亞洲會議的成功，無疑的，象徵新印度已成為亞洲大陸的大國了。 不過，這個大國迄今還有兩種苦悶：一是印度人民都希望印度能獲得真正的完全獨立。在經濟上也要不受英鎊的支配；對於後來居上的美圓勢力，尤爲恐懼，他們深慮舊的奴役尚未結果；而新的奴役又枷鎖在頭上。這是一種苦悶。其次，尼赫魯對亞洲的雄才大略，處處表現具有領導亞洲的野心，可是印度自身尚無完全獨立自由，阻撓了他雄壯的抱負。尼赫魯的思想是一種改良主義的思想，妥協性很濃厚，他躍登權位以後，處處有力不從心之感。但印度人民普遍要求獨立，連國大黨內部也有許多人要求新憲法的印度共和國，能實際成爲獨立自由的國家，尼赫魯此行的結果，仍難滿足一般印度人民的願望。 英帝國聯邦總理會議的召開，是大西洋公約締造後的一件大事。尼赫魯近對每日郵報記者說：如果世界大戰爆發，印度未必參戰。這表示印度對於國際戰爭的厭惡；但印度如不能獲得真正的獨立自由，則印度仍是不能避免戰爭。現在，會議已經結束，印度仍在聯邦範圍之內，尼赫魯將如何履行其諾言呢：英人稱道此次會議的圓滿結束，歸功於英相艾德禮個人的勝利，實含有深刻的意義；換句話說，英相的勝利，就是尼赫魯的失敗；印度人民對於這次會議的結果，終不免表示失望吧」？
xianfa,1,39,39. 盟軍對日嚴厲軍事管制 已變爲友誼指導 麥帥在新日本誕生記念日宣布,申報 日期：1949-05-03 版次/卷期：02 版 聯合社東京二日電,https://z.library.sh.cn/http/80/10.1.30.77/yitlink/tm/tm_shownews.php?id=A2013040225565&qrygroup=1&qrynewstype=SP&n=39,盟軍對日嚴厲軍事管制 已變爲友誼指導 麥帥在新日本誕生記念日宣布,麥帥今日於日本新憲法公布二週年紀念發表聲明稱，盟國在波茨坦會議所揭 之目的，其要點多未完成，日本亦能忠勤履行其義務。盟軍所以至今未撤，並非日本之過，乃由於其無力控制外界之情形。盟軍佔領已由嚴厲之軍事管制，變為保戶勢力之友誼指導。此過渡時期將隨日本担負自治責任之能力而繼續迅速進展。惟日人應嚴防不信人類智慧，妨書個人尊嚴，及嚴制個人自由之槪念侵變。此爲新日本誕生之二週紀念，須知人類目的，未有較保衛憲法賦予之權力最大者，日本於此當可確保其安靜，而有秩序之進步。
xianfa,1,40,40. 緬政府委員向總統建議 暫展緩舉行普選 政府軍將在上緬甸開始總攻,申報 日期：1949-05-02 版次/卷期：02 版 聯合社仰光卅日電,https://z.library.sh.cn/http/80/10.1.30.77/yitlink/tm/tm_shownews.php?id=A2013040225477&qrygroup=1&qrynewstype=SP&n=40,緬政府委員向總統建議 暫展緩舉行普選 政府軍將在上緬甸開始總攻,權威方面今日消息，緬甸政府七八委員會，因內戰引起全國紛擾，已向總統建議展期舉行普選。按照緬甸憲法，總選舉應獨立後十八個月內卽本年七月四日左右舉行。另據政府公報發表，卽將在上緬甸對軍開始總共。政府軍自瓦城西南八十哩之梅蒂拉長驅而下，已佔領中緬甸西塘江加倫軍司令部所在地之東戈。其它距仰光一百五十哩，政府軍進怗時，城中幾已逃避一空。大部份加倫族人聞已往大古區參加對仰光之攻勢，到後路空處，爲政府軍所乘。
xianfa,1,41,41. 美不擬邀請西班牙 參加大西洋公約 參院外委會下星期可予通過,申報 日期：1949-05-02 版次/卷期：02 版 聯合社華盛頓三十日電,https://z.library.sh.cn/http/80/10.1.30.77/yitlink/tm/tm_shownews.php?id=A2013040225472&qrygroup=1&qrynewstype=SP&n=41,美不擬邀請西班牙 參加大西洋公約 參院外委會下星期可予通過,參議院外交委員會主席康納利今日稱，本會辯論北大西洋安全條約，將於下星期結束，屆時將一直予以通過。 〔路透社華盛頓卅日電〕此間觀察家指稱：西班牙目前尚無加入大西洋公約之可能，因西班牙之參加，難望得美國參議院三分之二議員之贊成。杜魯門總統認為任何新條約須經參院三分之二議員通過始能成立，西班牙之加入大西洋公約，亦應通過此一手續。國務卿艾契遜在參院外交委員會中答范登堡之詢問時稱：渠奉總統之命聲明，任何新國參加大西洋公約，實際上卽等於美國與該國簽訂新約，因此根據憲法，總統希望在渠個人表示同意前，先請求參院之批准。被詢及何以葡萄牙得加入大西洋公約時，艾氏答曰，此乃該約簽字國之意見，邀葡參加爲各發起國一致的決議，彼等並未決定邀西班牙參加。據悉參眾兩院不乏主張邀西班牙加入大西洋公約之議員在，天主教人士對此事主張尤力。
xianfa,1,42,42. 國民黨中執會發表宣言 反對中共赤化中國擾亂世界和平,申報 日期：1949-05-01 版次/卷期：01 版 中央社廣州卅日電,https://z.library.sh.cn/http/80/10.1.30.77/yitlink/tm/tm_shownews.php?id=A2013040225371&qrygroup=1&qrynewstype=SP&n=42,國民黨中執會發表宣言 反對中共赤化中國擾亂世界和平,中國國民黨中央招待委員會，卅日發表宣言，反對中國共產黨赤化中國，擾亂世界和平，茲錄宣言全文如下： 本年元旦，蔣總統為期弭戰銷兵，曾發表文告，向中國共產黨提出結束戰事，舉行和議，并申述其主張，在只求國體不致變更，憲政不致推翻，人民自由生活與國家軍隊得有保障，則個人進退，唯以國民之公意是從，旋於一月廿一日毅然聲明身先引退，依據憲法以李副總統代行總統職權，以促成和議之進行。 李代總統代行總統職權以後，即以極端忍辱之苦心，從事於和談途徑之覓取，行政院孫院長原揭 光榮與平等之和平，以其主張不克實現，亦不惜毅然辭職，冀和談之勉可打開，爾後何應欽將軍受命出組新閣，協助李代總統繼續為促成和平而努力，卒賴輿論督促，始於四月一日獲致，雙方代表在北平開始和談，本黨順應民情，在恤任何犧牲，以達成和平之誠意，當為天下所共見。 本黨對和談主張及決議原則五項，曾於四月十八日正式發表，認為今日國是準繩，端在於此，原冀中共能加接納，彼此平心協商，建立永久和平，以慰國民喁之望，不意中共始終迷信武力結束放棄共創陰謀暴力刼奪政權之野心，當我政府代表抵平之後，即提出其最後通牒式之所謂國內和平協定，其內容之八條二十四款，直無異將先烈艱難締造之中華民國，為殘酷無情之處分，根本遠背和談協議之精神，業經李代總統，何院長正式拒絕，同時本黨中央亦經於四月廿日晚發表聲明，本黨絕不能接受此類滅國條件之協定，仍望中共幡然悔悟，雙方下令停戰，再為從長之協議，本黨為國家為人民而忍辱犧牲之苦心，亦當為天下所共諒。乃中共於獲知我政府拒簽此無理協定之後，即悍然不顧一切於四月廿一日發動軍隊，繼續侵略，強行渡江，企圖席捲江南，征服全國。政府為重新部署防綫，作長期抵抗，近不得已，撤守南京，將政府全部遷駐廣州，為國家民族之生存，與中共繼續作戰，以求申張正義，達成真正永久之和平。 本黨茲欲向國內外人士剴切說明者，中國共產黨之和生與成長，實完全不脫其為赤色國際第五縱隊之本色，查其開始成立黨部，即受國外金錢之津貼，以後之一切宣傳與行動，亦無不受命於赤色之國際組織。當民國十三年本黨改組之時，以反對帝國主義侵略，進行國民革命，固曾採行容共之政策，本黨特許中國共產黨員以個人資格加入本黨。且必須遵孫中山先生與第三國際代表越飛先生之聯合聲明，不能於中國進行共產主義之革命，并須於入黨之日，為服從三民主義之宣誓，乃不意中共黨員於加入本黨之後，不斷秘密進行其推動共產主義革命之際化陰謀，為時不久，已為本黨所察覺。至民國十六年北伐軍抵達武漢之後，中共即背叛國民革命，發動農民暴動，以圖推翻國民政府之政權，是為中共確為赤色第五縱隊之第一暴露，本黨自此始與中共決裂。本黨所領導之國民革命，因此乃受一極大之挫折。 爾後，本黨繼續北伐，完成統一，原冀從此告終破壞，以遂行三民主義之建設，不料中共轉以流寇方式，於湘·粵·閩·贛等地，組織蘇維埃政府，執行其殘酷門爭之土地革命，當時無辜人民犧牲生命於此種門爭政策者，以千萬計，嗣為國軍圍剿，乃拼命竄擾於湘·桂·黔·川，而僅獲保留其最後殘部於陜北。中共至是，已窮無所之，又另為一次之陰謀，用抗日號召為煙幕，以燭勳西安事變，卒賴全國民眾之維護蔣委員長，始得還都主政，然後抗戰，準備工作，未至中斷。及廿六年七月，我政府發動抗日戰爭，中共復發表聲明，承認三民主義為中國今日之所需，顧為其澈底實現而奮門，并取銷其蘇維埃政權，放棄土地革命，改編紅軍為第八路軍，接受蔣委員長之指揮，為抗戰而努力。 本黨方以中共從此真能激發其愛國良知，為抵禦強寇，重與本黨合作，寗非國家民族之大幸，乃抗戰後三數年間，本黨即發現中共實假抗戰為護符，而秘密從事於擴充兵力，侵佔地盤，故對日寇則遊而不激佔地盤，故對日寇則遊而不激，對國軍則時為襲擊牽制，倘非政府容忍，顧全大局，抗戰大業豈堪設想。至日寇投降，中共即悍然不理統帥部之指揮，發表其獨自受降之謊謬命令，其又一次聯叛國家之野心已路人共見，其時政府為欲以政治方法解決國內問題，庶能與民休息，從事建設，遂有政治協商會議之召集，經一月之協商，始獲致各黨同繭之結果，而中共於友邦執行調解之際，仍有到處襲擊國軍爭佔地盤之惡劣行動，復藉蘇聯紅軍佔領東北延宕移交旅順，大連及東北鐵路之際，紛派幹部潛赴關外，收編偽軍·土匪，取得日本偽滿俘虜之武裝，發展其東北各地之軍事力量。撫順煤礦工程師張莘夫即於當時為共黨所殺害，國人當尚省憶。今日東北之全面赤化，實為中共處心積慮陰謀之實現，是為中共確為赤色第五縱隊又一次畢露。本黨領導抗日戰爭之成果，至是又為之破壞無餘，以本黨廿餘年來與中共往還之經過，深知中共實為泯滅人性，陰險狠毒之集團，其宣言宣誓皆毫無誠意於其中，而只為愚弄以人蠱惑社會之手段，其傳則昨彼今此，弛張無常，其作風口蜜腹劍，則先甜後辣，信義二字，實非中共字典中之所有，彼輩對於人類更無絲毫同胞親切之情感，為求壟斷政權，即犧牲國家民族以致無數人寳貴之生命，亦非彼輩所計及。蓋彼輩迷信之唯物主義與門爭史觀，實認人類門爭為必然，而以和平為虛幻，故彼黨對於黨外任何政黨或個人，除絕對受其支配宰割，即從無平等合作其支配宰割，即從無平等合作之可能，即同屬其黨員，除絕對為黨奴役，亦從無個人良心理性之自由，以如是思想信仰之政黨，實無時不為人類和平世界安全與個人生命自由之威脅，當其力量未成，或尚可謀短期之暫安，茍其力量坐大，即絕難有安寧之歲月，其外形縱有萬變，其實質統為不易。若毛澤東之所謂新民主主義，若中共對西方人士宣傳，其僅為農民民主政黨者，實皆為一時適應環境之偽裝，所以自元旦蔣表重開和談文告以來，為時四月，中共雖以舉國民意之督促，仍絕不放棄其以武力刼奪政權之野心，甚至於大西洋公約簽訂後，毛澤東公然宣稱，將來世界大戰發生時，將領導中國為蘇聯而作戰，其為虎作倀，甘為侵略國家工具之用心，更已畢露無遺，戰爭罪犯誰屬，又何能逃國內外人士之耳目。 本黨負有保衛中華民國與世界和平之責任，凡遇有足以危害國家民族與世界和平而殘民以逞之任何暴力，必當領導全國人民予以排除，是非自在人心，真理必無失敗，乃本黨萬刼不磨之信念，本黨憑此信念，誓將遵奉三民主義，恪守聯合國憲章，奮門到底，國內外愛好和平寳貴自由之人士，當能認識本黨此次繼續作戰之意義，而予以精神與物質之支援也。中國國民黨中央執行委員會。
xianfa,1,43,43. 美兩大工會決參加 非共世界勞工同盟,申報 日期：1949-05-01 版次/卷期：02 版 路透社華盛頓廿九日電,https://z.library.sh.cn/http/80/10.1.30.77/yitlink/tm/tm_shownews.php?id=A2013040225392&qrygroup=1&qrynewstype=SP&n=43,美兩大工會決參加 非共世界勞工同盟,美國兩大工會組織，即產業職工大會及美國勞動協會之領袖，昨舉行秘密會議後，聞已決定參加非共產世界勞工協會。兩大工會之領袖議定派代表赴日內瓦參加六月初三會議，以起草新工會組織之憲法。並決定應邀何國參加。按美國勞工協會有會員八百萬人，產業職工大會有會員六百萬人，估計非共產世界工聯成立後，參加之工友可望達四千萬人。
xianfa,1,44,44. 國民黨中執會告黨員書,申報 日期：1949-04-30 版次/卷期：02 版 中央社廣州廿八日電,https://z.library.sh.cn/http/80/10.1.30.77/yitlink/tm/tm_shownews.php?id=A2013040225320&qrygroup=1&qrynewstype=SP&n=44,國民黨中執會告黨員書,國民黨中央執行委員會為恪遵蔣總裁二十七日聲明，發表告全體黨員書，號召全體黨員精誠團結，努力奮鬥，誓與中共周旋，救國護黨，以慰總理與先烈在天之靈。原文如下： 「中國國民黨中央執行委員會為救國護黨，對共戰爭，告全體黨員書：自四月一日，我政府代表與中國共產黨代表在北平舉行和談，全國同胞咸望和平之局從此開始，本黨對於和談之誠意，與鄭重決議之和談四項原則，經於本月十八日正式公佈，政府當局受國民與本黨之付託，不惜以萬分忍辱負重之精神，順受中共一切無理的譏誚誣謗，原冀精誠所至，金石能開，只求人民能獲致和平，國家得有保障，則本黨黨員任何犧牲，非所計較。不料中共竟肆其猙獰，竟向我政府代表提出其所謂「國內和平協定」全文八條二十四款，已見全國報章，即比之三十年前日本向我提出二十一條之最後通牒，猶無比恣睢暴戾，我政府如果接受，則不特總理與先烈艱難締造之中國國民黨與中華民國從此消滅，即憲法賦予全國人民之基本自由權利，亦將從此剝奪，而永遠忍受鐵幕中之奴役生涯。且毛澤東之廣播，假令世界大戰不幸發生，吾中華民族更需準備受中共之牽率，為蘇聯而作戰，合中國人民充他人之砲灰，其何以上對祖宗，下對後代。我李代總統與何院長爰於本月二十日毅然決然予以拒絕，本黨中央亦於同日發表聲明，向全國國民說明本黨不能接受此種 出和議範圍，危害民命國本之殘酷條件，而仍望中共懸崖勒馬，放下屠刀，雙方先行下令停戰，另為合情合理之商議，以獲致真正永久的和平。乃中共竟悍然不顧一切，公然於二十一日下攻擊令，在此舉國渴望和平，萬目睽睽之下，發動大軍，繼續侵略，強行渡江，企圖席捲京滬，征服全國，我政府為重新布署防綫，以從事長期抵抗之故。迫得暫避凶鋒，撤守南京，同時將政府全部遷往廣州，重新建立抗戰之策源地，為救國護黨，吾人將繼續戰爭，以求正義之申報，永久和平之實現，凡我同志，當知總理剙告本黨，其目的在實現三民主義，而觀於二十世紀世界之演進，已證明三民主義產今日人類生活之真理，不特足為吾國立國之根本，亦可為世界和平之方針。國父往昔曾告吾人，謂革命黨所恃以自存者，不在武力金錢，而在乎真理主義與道德，本黨因十年來千 百折，艱困備嘗，卒能愈挫愈奮，再接再厲者，蓋全藉真理之在我，本黨即曾領導國民，推翻滿清之專制，掃除軍閥之橫行，更擊退日本之侵略，凡我後死同志之曾參預此三種戰役者，今當中共正企圖消滅吾黨歷史之時，亦豈畏其一時軍事優勢，為屈辱之降服，吾人今為免除國家民族淪為極權國家之附庸，為免除全國同胞陷於奴役之慘境，更為免除中華民族互相仇殺清算鬥爭之慘劇，詆有團結一致，恪遵總裁本月二十七日發表之聲明，誓與中共週旋，同仇敵愾，除此凶煞，必使其不再嗜戰 好亂而後已。本黨同志曾受革命主義的薰陶，當比黨國危難之時，深信必能淬厲奮發，為民前鋒，習軍事者效力戰場，有資財者毀家紓難，能宣傳者喚起民眾，任公職者努力革新，大義所在，當各儘其在我。中共武力豈逾日寇，吾黨性能領導國民，予以擊潰，此乃吾黨應有之自信，更不必有絲毫之氣餒。至於過去二十年來，以吾黨糾紛迭起，同志與同志之間，或因意見權利之衝突，造成若干派系，個人之恩怨是非，當此生死鬥爭，陣綫分明之秋，自當各自激發天良，捐除私恨，一致團結，於本黨領導之下，為保國保民而努力，有若干深具革命熱心之同志，因不滿多年來黨政措施或曾為越軌之言論行動者，今見中共如此專橫，稍具良知，當有醒悟，亦當重新齊歸三民主義大 之下，有意貢獻其革命之肫誠，愛國忠黨，誰肯後入，為保障三民主義之實踐，為拯救國家民族之危亡，吾人唯有精神團結，努力奮鬥，始能無愧於總理與先烈之靈也。中國國民黨中央執行委員會，中華民國三十八年四月二十八日。
xianfa,1,45,45. 英共和聯邦會議結束 各總理紛紛返國 印獨立後不擬効忠英王,申報 日期：1949-04-29 版次/卷期：02 版 路透社倫敦廿八日電,https://z.library.sh.cn/http/80/10.1.30.77/yitlink/tm/tm_shownews.php?id=A2013040225232&qrygroup=1&qrynewstype=SP&n=45,英共和聯邦會議結束 各總理紛紛返國 印獨立後不擬効忠英王,自治領總理於出席共和聯邦會議畢，已於今日紛紛啟程返國。此次會議就印度與共和聯邦關係所獲致之協議，頗獲共和聯邦各地之好評。新德里來電謂：印度副總理巴泰爾於獲知共和聯邦會議之結果後，表示印國大黨及國會將立即加以批準。坎培拉來電謂，澳洲官方對印度共和國之繼續參加英共和聯邦亦有好評，惟對印度毋須向英王效忠一點尚有保留的意見。加拿大方面認此次新公式之獲得為艾德禮之條件。報紙評論并指出愛爾蘭完全脫離共和聯邦後，共和聯邦似已於瓦解，惟此次關於印度之決定，則可使共和聯邦的聯係得以保持其永久性。倫敦各報對此次新決議莫不表示歡欣，若干且認此例一開，或可誘導愛爾蘭與緬甸重新投入共和聯邦之懷抱，社會黨的開明政策已使英共和聯邦，至少將再存續一世紀之久。 〔合眾社倫敦廿八日電〕印度利用外交革命，今日決定成為獨立自主共和國，但仍為不列顛聯邦之一份子。印度今夜以宣佈之方式，即獲得脫離不列顛帝國之成果。據公報稱，印度同意繼續承認英王為聯邦獨立份子自由結合之象徵及聯邦之首長。惟公報中并不言及效忠於英王。印度或將於八月間通過新憲法而宣佈為共和國，屆時印度人民大約僅將效忠於印度共和國。政府發言人宣稱，英王將不復委任總督以管理印度，但將派高級專員一人駐印度為其代表。英印雙方協議，多因英總理艾德禮與印總理尼赫魯間之熱忱關係而獲得。
xianfa,1,46,46. 西德聯邦共和國 各邦確立分權制,申報 日期：1949-04-29 版次/卷期：02 版 路透社法蘭克福廿七日電,https://z.library.sh.cn/http/80/10.1.30.77/yitlink/tm/tm_shownews.php?id=A2013040225225&qrygroup=1&qrynewstype=SP&n=46,西德聯邦共和國 各邦確立分權制,據悉，將於今夏成立之西德聯邦共和國，其經濟平衡權將操諸中央政府之手，但各邦亦將有相當的行政獨立權，此項分權制度之確立，為社會民主黨在八個月之憲法起草工作中力爭之結果，該黨不顧美法之反對，卒獲克服基督民主黨之堅決反對而達到使德國聯邦共和國經濟權集中之目的。
xianfa,1,47,47. 三強在西德 設立新機構,申報 日期：1949-04-28 版次/卷期：02 版 路透社華盛頓廿七日電,https://z.library.sh.cn/http/80/10.1.30.77/yitlink/tm/tm_shownews.php?id=A2013040225154&qrygroup=1&qrynewstype=SP&n=47,三強在西德 設立新機構,廿五日三強總督與西德領袖議定之憲法實施以後，將以盟國高級委員會為盟國管制西德之最高機構，該項協定係由三國外長貝文，艾契遜，許曼於四月八日在此間簽訂。該協定並規定在佔領法規生效之前，卽使英·美·法三佔領區合併，高級委員會之權限，將與佔領法規及國際協定相符合。三強此外又公布一協定，規定阜登堡巴登邦之公民投票將延期舉行，以免防碍德國聯邦之成立。關於法國參加萊茵河岸基爾港之問題，三強亦議定，在德國聯邦政府成立，及關於該港之行政談判結束以前，仍繼續由法國保持對該港之管制。
xianfa,1,48,48. 盟國與德領袖歧見消除 西德憲法完成草案 德聯邦共和國七月中成立,申報 日期：1949-04-27 版次/卷期：02 版 法國新聞社巴黎廿六日電,https://z.library.sh.cn/http/80/10.1.30.77/yitlink/tm/tm_shownews.php?id=A2013040225091&qrygroup=1&qrynewstype=SP&n=48,盟國與德領袖歧見消除 西德憲法完成草案 德聯邦共和國七月中成立,英美法三佔領強國暨西德政黨領袖十七人，已於今日就西德憲法獲致協議使德國政治領袖賡續八閱月以覓取堪為三強同意的憲草之工作，告一段落。今日三強總督與德國領袖會談達六小時之久，英督羅勃森事後表示此一充份而最後的協議，為佔領強國與德國人民關係間的一歷史性階段。 美督克萊預示憲法既已完成，德國共和國可望於七月中旬成立。成立以後盟國軍政府即將撤銷，盟管會將僅執行監督任務。今日討論之基礎，為德國領袖於接獲盟國外長放寬製憲限制之通知四十八小時後所擬之一折衷建議案，此一協議草案尚待西德制憲及盟國政府之正式批準，但協議既經成立，批準亦僅一種手續而已。據美督克萊宣佈，佔領當局與德國間就西德憲法之一切歧見已獲解決，憲法可望於五月十五日經制憲議會通過，而德國政府約可於七月中旬成立。憲法全文將由制憲議會及軍事總督在兩三天內發表，柏林并未被包括在西德國以內，但以後仍有參加之可能。被詢及今日之協定是否已關閉四強就德國獲致協定之可能性時，克萊答曰，若就四強進行談判之點言，并不因此有所變更。被詢及渠將於何時卸任駐德軍事總督之職務時，克萊答曰，余希望於五月十五日憲法成立時余仍在此間。總之，此一協定獲得非易，不失為使各關係方面均感愉快的解決辦法。
xianfa,1,49,49. 三強西德協定全文昨公佈,申報 日期：1949-04-27 版次/卷期：02 版 本報訊,https://z.library.sh.cn/http/80/10.1.30.77/yitlink/tm/tm_shownews.php?id=A2013040225092&qrygroup=1&qrynewstype=SP&n=49,三強西德協定全文昨公佈,華盛頓廿六廣播：英·美·法三國外長貝文·艾契遜及許曼於四月八日簽訂之西德協定，其全文於本日〔廿六日〕公佈。該協定訂明西德政府成立時，三強聯合高級委員會將為管理西德之盟國最高級聯合機構。該協定并規定英·美·法三佔領區於佔領法規實施以前實行合併，高級委員會之權力將與佔領法規及國際條約不相抵觸。為使西德政府對內政多負責任并減低佔領費用起見，高級委員會之人員將儘量減少。高級委員會有關修改憲法之決議，必須獲得全體委員之一致通過，但有關其他問題之決議得以多數票決通過。
xianfa,1,50,50. 蘇建議召開四外長會議 討論整個德國問題 會期確定即解除柏林封鎖,申報 日期：1949-04-27 版次/卷期：02 版 合眾社倫敦廿六日電,https://z.library.sh.cn/http/80/10.1.30.77/yitlink/tm/tm_shownews.php?id=A2013040225090&qrygroup=1&qrynewstype=SP&n=50,蘇建議召開四外長會議 討論整個德國問題 會期確定即解除柏林封鎖,蘇聯廿六日減低其解除柏林封鎖之代價，并開啟門戶，使東西間得再談判許多懸而未決之困難問題。莫斯科電台廣播，蘇聯高級方面之聲明稱，如四強先同意於定期召開外長會議討論整個德國問題，則柏林之東西封鎖可予解除。廣播稱，聯合國蘇代表馬立克曾將此項建議轉交美代表傑塞普。蘇聯聲明本日特別提及柏林幣制問題應由外長會議解決之，該問題本係蘇聯封鎖柏林之籍口。莫斯科并謂，蘇聯所反對者僅西德政府之成立，此事之決定乃外長會議或討論之問題。在先前蘇聯顯堅持在解除封鎖前，必須先停止兩德政府之計劃。 〔聯合社倫敦廿六日電〕塔斯社今日宣佈，蘇聯出席聯合國大會代表馬立克已向美國代表傑塞普提出建議，西方國家如能訂定一蘇聯可以接受之日期，舉行四強外長會議，討論整個德國問題，則蘇聯願於會議前解除柏林封鎖。西方國家對此均未表示意見。此項建議若果如塔斯社所傳，將為蘇聯之一大讓步。雙方談判之破裂，過去皆為時間問題。西方國家堅持須先解除封鎖，然後舉行四強會議，今蘇聯已提議解除封鎖及西方國家之反封鎖，然後由四強外長集會討論各種尚未解決之德國問題。此時間上之先後，蘇聯已在過去談判中曾力持反對。西方國家與西德領袖廿五夜已成立一歷史性之協定，完全撇開蘇聯佔領區，設立西德政府自訂憲法。蘇聯反對此一計劃，在外長會議中必將提出。據塔斯社稱，蘇聯曾特別建議，恢復柏林單一幣制間題，將留待四強外長會議解決。 〔法國新聞社巴黎廿六日電〕塔斯社證實蘇代表馬立克曾向美代表傑塞普提出解除柏林封鎖之建議，此間外交界認為係一重要政治行動。此一問題由美蘇兩國代錶在聯合國休息室中商談，早為外交界所悉但未經有權威方面加以證實。國際觀察家認為蘇官方通訊社之發表此項消息，認為係與西德憲法之最後發展有關。
...,...,...,...,...,...,...,...
xianfa,186,18599,18599. 日本的南進政策與荷印 保仁驛自十月份Amerasia 本文作者John Gunther是美國的著...,申報_香港版 日期：1938-11-22 版次/卷期：03 版 地主,https://z.library.sh.cn/http/80/10.1.30.77/yitlink/tm/tm_shownews.php?id=A2016120027831&qrygroup=1&qrynewstype=SP_HK&n=18599,日本的南進政策與荷印 保仁驛自十月份Amerasia 本文作者John Gunther是美國的著名、學者，現在充任美國外交部遠東政治顧問，本文對於荷 東印度的 治及國防現狀，說得很詳細，値得一讀，茲特譯在下面-議者附白。 要是我們把荷屬東印度的地圖故在美國地圖上一比較，你就會想像牠的廣大，而感到 駭，傘其極西端的蘇門答臘放在美國的舊金山上面，則其極東端的新幾尼就要轟出大西洋五百里，牠的北端婆羅洲，就要在美國的北 科大上面，而極南端就要在美國的組奧連上面。 東印度以出產豐富名聞世界，出產有糖，紙，茶，咖啡，錫，橡皮，媒油，鐵，金等，而尤以金雞納霜丸產量最多，佔全世界產量百分之九十五，東印度與荷蘭雖遠隔幾千里，但交通却很便利，除水上航線外，還有荷蘭皇家空中航線，近幾年來，人口益事增加，而在爪哇的人民之多，已成爲世界人口密度最大的地方。 荷蘭難是小國--有人口八百萬人--但他對這具有三千五百萬居民的殖民地，却治理得很有成讀，他的政策雖然和英國政府治理馬來印度的玫策一樣，可是結果完全不同，在印度，人民當會和政府發 衝突、使毎任做總督的感到棘手，但在荷屬東印度內，政府與人民間很有 絡，從沒有衝突事變發生，在印度，民族意 很强，他們有很大的致治力量。國民大會是保障人民獨立運動的民意組織，由十一雀內選出議員七人，執行會務，而在荷領東印度，當局善施 民政策，凡關於有政治性的團體或個人活動，多被當局禁止，因此民族意誠淺缺，一切政權，多由總督一人獨攪，人民會鑲名義上雖算是民意團體，有代表六十人在曾執行會務，但六十人中、有二十二人是由總醫任命，其餘三十八人也是由政府經 格選舉挑出，雖會不能獨自創造法律，就是在行政上，往往要受荷蘭國會節制。 雖然荷蘭對東印廣的政策，比英國對印度要來 苛刻，但荷蘭政府與來印度人民間的情感，反比英國與印度人民的情感來得密切。因爲荷蘭政府對東印度土人財產有絕大保障，在東印度內的土地所有者,絕對不許以土地私相買賣，就是荷蘭人也是不允許。而在印度，人民是享受不到這種權科。最東印度人氏的婚姻問題比印度人自由，在從前政府 許荷蘭人與東印度人異族結姻，而在印度則不然，英人與印度人結婚是發遭到社曾和政府的排棄和排議。 可是到一九二九年後，世界經濟不景氣，東印度商務發生生產過剩現象，在四年中，出入貨額章滅少了百分之六十九，每年歲收由七六三，三六四，〇〇元（荷幣每元合美金四角；國幣二元）滅至四八五，七六，〇〇〇元，幾滅少一半，政府于是制定新法令，對貿易加以統制，規定政府有權限制出入貨物數量，統制本地一切企業，規訂貨物稅率……等，但總無補於事，政府爲持本國（荷蘭）收入計，乃田節流開源辦法，對殖民地人民一率高壓，滅低工人工資，增加人民雜稅，弄得民不聊生，怨聲載道。 殖民地人民因不堪荷蘭玫府高壓，乃提出自治 法，要求荷女皇 照憲法第一條規定，實行自治，使殖民地政府與荷蘭政府的行政平等獨立。該自治領法於一九三七年六月十五日由荷女皇正式頒佈成立，政府官員大部爲國家主義者充任。 在國家主義者中問，可分三派，一爲溫和派，他們是很恐愄日本的南侵玫策，但對組國是井常効忠，另一爲過激派，他們 近受日本政客 底從中挑撥，對祖國極表怨恨，很想自謀獨立，他們的主發琿由是（一）荷蘭政府只知吸取殖民地資財，對殖民地人民一些沒有幫助，（二）荷蘭政府專事對人民施行奴化敎育，使人民無政治意向。 目前荷屬東印度最感到威脅的就是日本，他們鑒到法西斯日本在中國的瘋狂打爲，同時受其海軍高呼着「南進」的恫赫，感到極度不安。（未完）
xianfa,186,18600,18600. 武漢陷落後之 中日關係 所謂「支那經營大座談會」譯自日本評論十一月號 （五） 僞組織問題 橫出...,申報_香港版 日期：1938-11-11 版次/卷期：02 版 民國十年,https://z.library.sh.cn/http/80/10.1.30.77/yitlink/tm/tm_shownews.php?id=A2016120027246&qrygroup=1&qrynewstype=SP_HK&n=18600,武漢陷落後之 中日關係 所謂「支那經營大座談會」譯自日本評論十一月號 （五） 僞組織問題 橫出 大西先生！在中國人的立垣上講，戰後中國的政體，是 邦制好配？還是集權制好？再由日本今後的政治指導工作上看來，究竟是那一个制度 較妥當些呢？ 大西還是一个很大的問題，我也不十分淸楚、但參考中國人的著作，名實全 的統一的中央集權下的中國，有遇沒有呢？可說是沒有過的·淸朝歷經討伐盡南新疆等地方，政治上却是一種類似包辦政治的東西，內容雖不是聯邦政體，然而各省的自治力是很高的。所以革命以後，中國應採取那一種政體，那一種政治形態，很成問題。最初因爲各省的經濟狀態，文化水準和傳統都是各別的，似乎還是以聯省自治統一中國來得好些，像剛才太出先生所說的，依我的記憶，在大正十年,左右，聯省自治是很盛行看，最先是湖南自治，浙江福建等兩三省也跟着自治了。但是孫文對這種聯省自治極力的反對，以爲要統一中國的中央集權自治，以省作自治單位是太大了一點，而主張以縣作爲單位，所以國民黨也猛烈的反對着聯省自治制。後來，國民黨勞力擴張，提倡騙省自治的聲浪也就銷 匿跡丁。□□□上台以後，依照南京政府所定憲法，其政治組織是由大總統推行共和政治。不過口口口統一中口的手段，有些像君主統一國家，或是法西斯蒂那樣獨攪天下一樣，帶 狠濃厚的獨裁傾向。祗是以□□□的力量，能否實際的統一中國，還有疑問，所以他便極力利用『抗日一爲號召，而中國的統一，便在形式上高速度的完成了。其實，本來共產黨和國民黨的政見，根本是兩樣而無一致可能，和□政權，西南都是不能合作的，其他如宋哲元閻錫山羣，也都不是能完全忍受□□□的統制的，而現在的情形僅是一種聯絡和協調而已。這樣以後，魷形成了與共產黨的 合戰線， 合戰線一經展開，抗日意識也就與之俱來。然而我對於這樣的合作，是否能獲得像美國意大利日本一樣的眞正統一的効果，還有疑義存在。假使此次不和日本發生戰爭，大槪□政權現在正和西南或是共產黨衝突中飛！中國今後能否眞正的統一，還是可以考慮的事情，或許將來可以有一個力能統一中國的人物出來；然而雖說像適才太田君所說，把那樣民族意議國家意識強烈的國家，分作好幾個，再聯結起來，對於中國民衆的感情有所障礙；不過在□□□一蹶不振，而又沒有第二個像□□□那樣有力的人物出來的時候，我想實際上還是施行聯省自治的好。總而言之，施行聯省自治制還是單一國家制的决定，是要視人選問題爲轉移的。說到究竟那一個政體較合適於中國的現實，那末，在自治發達的中國，似乎是以各個自治集團作單位，而加以聯繫一法，實際上合宣一些。我個人是這樣的想着，然而要我下一 個究竟那一方面好的斷言，却也並不是容易的事。（本節完，全文未完。）
xianfa,187,18601,18601. 凱末爾昨逝世 海里倫暫代總統 國會將集鐵進行選舉,申報_香港版 日期：1938-11-11 版次/卷期：03 版 伊斯坦勃 十日電,https://z.library.sh.cn/http/80/10.1.30.77/yitlink/tm/tm_shownews.php?id=A2016120027265&qrygroup=1&qrynewstype=SP_HK&n=18601,凱末爾昨逝世 海里倫暫代總統 國會將集鐵進行選舉,今日官方宣佈，土耳其共和國大總統凱末爾，已於今晨七時五分（格林威爾標導時問）逝世、根據土耳其之憲法、國會主席海里倫達氏，在新總統朱選出以前，將代理總統職務、國會已凖備召集緊急會議、以進行迅速選舉總統問題、衆料前總理益猶紐將軍、最有中選之望、按益猶紐將軍年已五十八、自去年十月辭總理職後、從未與問政事、又彼曾與凱末 總統合作十三年、（路透社） （伊斯坦勃爾九日電）今夜土耳其領袖凱末爾氏已錯迷、病狀極爲 重、總統之養女與妹均隨侍、住 於總統鄰近之室內、全國人民對總統之病狀均極關懷、警察巡邏隊亦已增多、一切必要之預防均已＼辦妥、以應付發生可。此之擾亂、總理貝亞氏昨晚由恩卡拉起程，已於今日下午抵此、（路透社）
xianfa,187,18602,18602. 捷新外交政策 內閣前日評加討論 各報咸主嚴格中立,申報_香港版 日期：1938-10-21 版次/卷期：03 版 捷京十九日電,https://z.library.sh.cn/http/80/10.1.30.77/yitlink/tm/tm_shownews.php?id=A2016120026069&qrygroup=1&qrynewstype=SP_HK&n=18602,捷新外交政策 內閣前日評加討論 各報咸主嚴格中立,內閣本日舉行會磁，討論未來外交政策、歷時甚久、關於此事、各報咸皆主張、捷克必須一反原來外交政策、而採取廠格的中立態度、潑里多斯諾特週刊、前此主張捷克應與英法兩國保持密切關係最爲積極者。今已一變原來論調，而要求修正現行外交政策、其言格云、捷克國既爲各同盟國所擯棄、未來外交政策、自惟有以適應新環境爲事、且因捷克在經濟上巳受德國控制之故、吾人必須不惜任何代價、與該國在商務下成立臨時辦法、（中央社） （捷京二十日電）捷財長昨偕同財部高級要員三名赴柏林、與 國當局會商經濟事宜、（海而社） （捷京十九日電）據官方今晚正式通告、捷克國會短期間內尚難召集、其主要原因有二、（一）劃界問題迄未解决、選民人數無法統計、（二）憲法規定選舉時間過于迫促、總統候選名單未能如期擬完、（中央社）面，均有起色、（中央社） （埃斯登堡二十日電）據海通社消息。士耳其總統凱末爾、病況愈趨危殆，彌留之頃、恐在明晨、內閣今晚召集會議、討論一切善後辦法、但路透則謂、凱末爾前晚情形甚佳、惟病狀仍無變化、（中央社）
xianfa,187,18603,18603. 憲法恢復 互派大使,申報_香港版 日期：1938-10-19 版次/卷期：03 版 羅馬十七日電,https://z.library.sh.cn/http/80/10.1.30.77/yitlink/tm/tm_shownews.php?id=A2016120025944&qrygroup=1&qrynewstype=SP_HK&n=18603,憲法恢復 互派大使,法國政府决定調 德大使總賽爲駐意大使之後、卽向意國徵求同意，頃悉意國政府業巳表示實同，同時並通知法國代辦白隆台、謂當在短時期之內、提出駐云大使人選、微求法國 府同意、此間消息靈領人士、以爲駐法大使一缺，或當由現任駐阿根廷國大使伽里格利亞調杆、亦未可必、（中央社）
xianfa,187,18604,18604. 捷起草新憲法 新總統選舉尙待磋商 各政黨決互推候選人,申報_香港版 日期：1938-10-16 版次/卷期：03 版 捷克十四日電,https://z.library.sh.cn/http/80/10.1.30.77/yitlink/tm/tm_shownews.php?id=A2016120025771&qrygroup=1&qrynewstype=SP_HK&n=18604,捷起草新憲法 新總統選舉尙待磋商 各政黨決互推候選人,捷政府前所派出之憲法委員會、頃以總統辭職·國土割讓以後、憲法及選舉法、均須卽日另行起、蓋捷克旣改聯邦制度、憲法方面自多變更、選舉新總統問題、亦須與斯洛伐克及小俄羅斯政治首領共同磋商、各政黨領袖業已決定互推總統候選人一名、 須全體通過始能當選、（中央社）
xianfa,187,18605,18605. 蘇區採用 德國憲法,申報_香港版 日期：1938-10-12 版次/卷期：02 版 柏林十日電,https://z.library.sh.cn/http/80/10.1.30.77/yitlink/tm/tm_shownews.php?id=A2016120025529&qrygroup=1&qrynewstype=SP_HK&n=18605,蘇區採用 德國憲法,希特勒今日下令蘇台德區採用德國之憲法、國社黨旗則作為蘇台德區之國旗、（路透社）
xianfa,187,18606,18606. 解散蘇黨 捷政府已頒佈命令並提兩院常會決定,申報_香港版 日期：1938-09-18 版次/卷期：03 版 捷京十七日午前三時四十分電,https://z.library.sh.cn/http/80/10.1.30.77/yitlink/tm/tm_shownews.php?id=A2016120024117&qrygroup=1&qrynewstype=SP_HK&n=18606,解散蘇黨 捷政府已頒佈命令並提兩院常會決定,政府頃下令解散蘇台德黨、（中央社） （捷京十七日電）當局稱、昨晚命令解散蘇台黨、係根據憲法上規定之程序、繼卽宣稱、政府决禁止該黨之活動、關于解散該黨之問題、政府决提交兩院常設駐院委員會討論、該會對于此事有决定之權云云、據悉政府决要求兩院駐院委員會解散蘇台黨、如此則蘇台黨議員將喪失其代表人民之資格、又關于外間盛傳法院已下令通緝蘇台黨領袖漢倫一說、頃自權威方面探悉、此說尙未成熟、主管當局控告漢倫一案、現在司法部長審議之中、內閣政治委員會、前曾加以討論，但截至目前為止、尙未採取正式决定、（中央社） （柏林十七日電）蘇台德黨代表孔德昨日宣稱、捷政府無權解散蘇台德黨、因解散政黨法規、經于去年年末作廢、捷總統貝奈斯解散國會、在秋季例會前殊不合法、又謂 決不放棄代表之責、除非被 力所迫、今日歐洲局面之緊張、對于任何政黨留在捷國亦亦不甚重要、將夾之决點、全視希特勒與張伯倫二人之第二次會議、蓋今日非蘇台德日耳曼或捷人能將時局問題解决、故吾人之幸運、全在歐洲各大政要之手中、最後孔氏否認捷京方面所傳謂渠與各黨代表有進打組織一新政黨之事云、（海通社）
xianfa,187,18607,18607. 社評希特勒咆哮以後又如何 正如我烏預料一肅，希特勒又在紐倫堡放了顆不大不了小的炸彈了。他的第二步的...,申報_香港版 日期：1938-09-14 版次/卷期：01 版 ？,https://z.library.sh.cn/http/80/10.1.30.77/yitlink/tm/tm_shownews.php?id=A2016120023822&qrygroup=1&qrynewstype=SP_HK&n=18607,社評 希特勒咆哮以後又如何 正如我烏預料一肅，希特勒又在紐倫堡放了顆不大不了小的炸彈了。他的第二步的行動是什麽，這是全世界人士所洋意的事。這次紐倫堡國社黨大會的學辭，他指斥了與國社黨對壘的布爾雪維克和民主聯會陣 的國家，他讚美只有德國，是受百分之九十人民擁議，而其他民主國家，則不過以財政或其他手段，欺弄民衆。他又說一個大國家像德國，不能受小國像捷克的汚辱。捷克境內的少數民族，蘇台德人，應有自决權利，决不能受捷克的無理壓迫，如果長此以往，蘇台德人不能自救，德國將從而救援。他又希望捷克能停止壓迫牠境內的三百五十萬日耳曼人，並予以投票自决的權利，以决定少數的德人，究歸向捷克抑德國。他又宣稱以德國人民的名義，担任這一項任務，承受引起的任何結果。德國人不能忍耐一個暴發戶的小國的跋扈。可是他又一再聲明德國是愛好和平的。沒有一個國家像德國一機，對於和平有貢獻，也沒有一個國家像德國一樣肯為和平而犧牲，但犧牲是有限度的。最前和最後兩項，自然是希特勒的表面一章，不駡布爾維克與與民主國家，不足以顯出他是一個法西國社黨的領袖：不提到和平，不足以透露他的抗戰行動，是屬於必要,。他的重要的目的所在，一句話說，是在鼓動捷克內部叛變，達到他的不戰而勝的策略。同時也告訴西歐列強，和東方的蘇聯，不要輕視德國，德國在軍事上是有準備的。不信，可以拿出貨色給他們看。第一，自捷克間題發生後，加強了德國陸空軍兵力，第二，德國把西線防務鞏固；那地方堅固之工事，現在進行中的有二十七萬工人日以繼夜動工 築。這以外，還有其他工人八萬四千名，勞工服務團十萬名，及若干工程營及步兵師。每天有八百輛卡車運往大宗材料及十萬噸舖路石塊。到了今年冬天就有 骨水泥的工事長十英里，而在這後面，立有武裝的全德國。 由上面希特勒的演辭全部看來，希特勒告訴我們，德國武裝是齊備的，同時和平也是需要的。這不是希特勒的矛盾，這仍是法西主義「敲詐」奧戰爭威嚇兩項手段一貫的妙用。郝末究是敲詐呢？還是戰爭？這在目前，我們還不能斷定，不過我們可以指出的，希特勒現在的敲詐，恐怕巳經沒有什麽用處，雖則從他的言辭中，他對於捷克？絕不廿心，就此下台。所以他仍想利用蘇台德投票自决的方法，來分化捷克，而達到他的取捷克為己有的目的。這一政策，自為捷政府所不允許。捷克駐英大使馬薩里克巳向英政府提出牒文，反對用投票方法，解决蘇台德問題。捷克的理由是（一）在捷克憲法上，不容許有投票之舉，（二）任何政府，如欲進行此項步驟，必將引起全國的反對，（三）德人數居各地，規定的區舉行投票，很是困難。捷總統貝奈斯也說，「我們並不煩擾，但我們只有作準備而巳。」同時捷克人民也表示，捷克人民甯願一戰，而不願讓蘇台德人舉行投票。捷克的態度是這樣。我們再看英法的態度究竟怎樣呢？在英國未表示想度前，法國早已下决心，援助捷克，在必要時，準備單獨軍事 動。隨後英國也重申三月二十四日張伯倫的意見，表示：如捷克被別的國家使犯，法國援助捷克後，英國對於有軍事同盟的法國，决不袖手旁觀，同時英國泰晤士報，在張伯倫發表談話後，也改變論謂，說，如果德國的舉動，足以損毀法國的完整，英國 以全力干涉，事實上英國三島的安全，與其近鄰，有密切的關係。英國宣佈她的政策，是恰當其時，正如「小巴黎人報」所評，英國在一九一四年戰沒有做的事，現在做到了·這對於世界的和平，自然盡了最大的任務，希特勒的空洞演說，不敢公開的向西歐民主國家挑，我們可以斷定，多少受張伯倫談話的影響。德國的氣談，也許因為法國的積極軍事行動，和英國有力的表示，暫時不會發生，可是這丑角的虛張聲勢，和他的對捷克內部各弱小民族的挑撥離間，必再接再厲。捷克政府提出的新方案，在各方面看來，已是最大的讓步，超過了這限度，當然不是捷政府可能接受。雖則如此，然而德國的眞實目的，並不在使蘇台德人完全自治，而實在把一切日耳曼人置於一個國家之內，一個領袖之下。所以一切德國在背後挑撥蘇台德人，都以這為其最後目標，英國政府，一再動令捷政府的讓步，捷克政府，也為息事寗人計，她的新允許條件，已盡寬大的能事，而蘇台德人依然不就範者，可知其原因別有在了。我們由這一點，可以看出，一個有侵略野心的國家，决不是遷就事實，壓迫弱小民族使他們退讓，就可以了事。舉例來說，在西歐，法西國家，向民主國一再威脅，西歐民主國家一再退讓的結果，有阿比西尼亞的侵略，有西班牙內戰的干涉，右萊茵不駐兵區條約的被破壞，有奧國的被吞併。在遠東，西歐列強對日本侵略羅容的結果有滿洲的佔領，有熱河的佔領，有一二八淞滬的進犯，有察北的佔領，有冀東偽組織的成立，有蘆溝橋事變發生，有八一三日本大舉侵華的事變。追本窮源，雖則這一方面是由於侵略者不顯國際法律條約的尊嚴，因而造成空前慘 ，可是他方面，西歐國家的短視外交政策，在侵略開始的時候，沒有作釜底抽薪的打算，一再對俊略者退讓，因而造成國際無法狀態，也是其重要原因的一種。現在到了這法西斯蒂的狂潮，將把人類全部文明毀滅盡淨的時候，那些不願意我們現存文明被毀滅的各大國，應該起來對那些罪魁禍首，作一種有力的表示。那末我們就請在本屆國聯開會中，從制裁日本開始。這也是一個恰當其時的機會，這也可以造成殺一警百的榜樣，如果國聯再以中國代表提出盟約第十七條感覺困難，因而擱置一旁，再像上屆國聯開會一樣，通過一種不關痛癢的議案，恐怕一年夾中國所受法西侵略者的荼毒，將重見於捷克，而蔓延於全歐洲，亦未可知呢！
xianfa,187,18608,18608. 捷閣計擬下令戒嚴,申報_香港版 日期：1938-09-14 版次/卷期：03 版 捷 十三日電,https://z.library.sh.cn/http/80/10.1.30.77/yitlink/tm/tm_shownews.php?id=A2016120023864&qrygroup=1&qrynewstype=SP_HK&n=18608,捷閣計擬下令戒嚴,捷內閣擬存蘇台德區內、實施戒嚴令、因希特勒演說後、拔刀相鬥、開槍射撃之事、極爲流行、據聞霍德柴向內閣報告、目殊尚不擬軍事處置，惟决定如一旦蘇台德區形勢需要特前處置、將對於憲法上規定之權利、嚴加限制云、（美聯社）
xianfa,187,18609,18609. 捷府反對蘇區投票,申報_香港版 日期：1938-09-14 版次/卷期：03 版 倫敦十三日電,https://z.library.sh.cn/http/80/10.1.30.77/yitlink/tm/tm_shownews.php?id=A2016120023862&qrygroup=1&qrynewstype=SP_HK&n=18609,捷府反對蘇區投票,據聞駐倫敦捷公使位知希特勒之演詞內容後，即往訪間外部顧問文西泰、並聞彼會提出牒文、反對以公民投票方法解决蘇台德問題、理由如下，（一）捷克憲法不容舉行公民投票、（二）任何政府、如欲進行此項步驟、必將引起全國之反對、（三）德人散居各處處、欲現定何區舉行投票、甚為困難、但如全國舉行投票、則殊非希特勒所願、捷大使並指出、最近捷政府提出之新讓步、巳至極點，比前所預料者、尤有過之云、捷公使昨晚復訪問大使考賓及蘇聯參贊加根等、據捷京官塲消息、蘇台德黨亦知在蘇台德區內要求投票、勢所難能、故將增加示威舉動、彼 甚至計劃以最迅捷方法、與德國合併，捷克人對希特勒演詞之最初反響、乃為『不能投票」、及『吾人甯願戰爭、現時從事戰爭、比一年後更為有利」等口號、巴黎方面、認希氏演含有向嚇、但對于形勢、並無增加新的因素、不過希氏未有提及舉打投票、此點頗堪注意、巴黎人士感覺戰爭危機、雖巳延緩、但形勢仍是緊張、（路透社）
xianfa,187,18610,18610. 社評美國與世界,申報_香港版 日期：1938-09-13 版次/卷期：01 版 本報訊,https://z.library.sh.cn/http/80/10.1.30.77/yitlink/tm/tm_shownews.php?id=A2016120023758&qrygroup=1&qrynewstype=SP_HK&n=18610,社評 美國與世界,最近遠東的戰事正在擴大，歐洲的大局又因捷克問題而鬧得緊張萬分。號稱和平陣線中的主要國家，莫不感受到嚴重的威脅。其間勢力範圍遍於全世界的大英帝國，各方張羅，頗有窮於應付之感。至于法蘇二國則因切膚利害所關，立場比較單純，都已作武力解決的準備，並未有絲毫的躊躇。惟有大西徉彼岸的美國，籍其天然地理上的屏障，以及軍事上及經濟上的優勢，至少還可暫時的置身局外，因此乃更居於舉足輕重的地位。 美國的外交政策，一向是徘徊於孤立和國際合作的歧途之中·「九一入事變發生後，美前國務卿史汀生頗主張卸去孤立」的外衣，而積極的裁制日本，可惜不能達到如他理想中的英美合作，便掃興而退。到了去年比京九國會議，美國雖然亦派員參加，並討論經濟制裁問題，但其興趣已遠不如九一八事變剛發生以後，因爲他明知道國際聯合制裁的情勢並未成熟，貿然提倡制裁，結果單獨犧牲，未免太不值得。同時其國內的孤立派，鑒於世界和平亟亟難保，誠恐美國有蹈上次參戰的危險，又在竭力鼓吹「獨善其身」主義。 不過，美總統羅期福氏却是個敢作敢爲的人。他在歐戰時身充威爾遜政府的海軍次長，素來主張大海軍主義；而對美國國際地位的重要性，亦從來不肯埋沒牠。我們知道，美國總統的櫂力，雖因憲法限制，不能如專制國君主的漫無限制；但因美國所行的是听謂總統制，總統的地位在人民心目中是異常的隆重，其言論主張亦每爲一般人民所尊重。美總統雖不能強迫國會事事服從他，但遇國家的重要政策徘徊於歧路而非立卽決定不可的時候，往往造成一種局面，並鼓勵輿論力，去壓迫國會，照他的主張去做。上月十八日，羅斯福在加拿大發表一篇劃時代的演說，表示美國有保護加拿大領士的决心，又說：「我們對於滅絕人性的殘酷行爲，違背民主主義的集團的結合，對無助人民所施行的暴舉，以及破壞個人權利等等的舉動，絕不能制止人民表示其輿論」。我們試把這篇演說和上月十六日的赫爾廣播演說參照並看，足以很淸楚的證明：美國政府對於國際問題日益注意，而將所謂中立政策以及不干涉他國事件的原則逐漸拋棄了。美國會中以及民間的孤立派，看着羅氏大放厥詞亦無可奈何。羅氏是重實際的人，果然，，到了捷克問題日趨嚴重的時候，美政府就宣布組織一個駐在大西洋的新艦隊，同時對於英美商約的談判，亦以互讓精神而迅速完成了。羅氏對於捷克亭件是否將正式向柏林和帕拉掰雙方提出意見，現在雖還無從懸測，但美政府負責人員却已有非正式的談話，認爲 在現在情勢之下，各民治國所可採取之唯一態度，厥爲維持團結精神。」本月初，法國波爾薛港舉行歐戰紀念碑開幕禮時，美大使蒲立德又竭力的攻擊獨裁制，並說：「法美兩國係有同一思想，且能切實合作，而成爲世界局勢的重要因素。」可見美國現在不但已逐漸的拋棄孤立，且已表示其重返國際合作的大道，是顯然的趨向於英法蘇等和平國家方面。 萬一歐洲發生第二次大戰，美國會不會抄一九一七年的老文章，而 極帮助英法作戰呢？這點却仍難說，因爲美國雖願意和英法合作，但不肯爲他們流血，尤其是經過上次大戰後各國賴債等等的敎訓以後，美國再亦不肯輕易參戰了。不過美國在中立法的修改中，却可以給英法以優勢的軍火接濟，甚至經濟上的援助。如果德意侵略陣線國家借題發揮惱羞成怒，而向美國挑釁，那末羅斯福亦已說過：一美國對於世界戰爭早巳準備就緒，甚盼一九三九年爲重建世界和平的一年。」可見美國雖不願參戰，但决不畏避應戰·現在去一九三九年還有三個半月，而歐洲局勢似乎已經快爆烈了，羅斯福能不能提前宣布他重建世界和平的高見，而給希脫勒一個懸崖勒馬的機會呢？這是現在一個最戚典趣的問題。
xianfa,187,18611,18611. 加拿大資源 勢將供英作戰,申報_香港版 日期：1938-09-05 版次/卷期：03 版 粵人華三日電,https://z.library.sh.cn/http/80/10.1.30.77/yitlink/tm/tm_shownews.php?id=A2016120023296&qrygroup=1&qrynewstype=SP_HK&n=18611,加拿大資源 勢將供英作戰,今日此間粵太華公民報、關於加拿大飛機公司供給英 空軍中轟炸計劃、在社評中、加以評論謂、如一旦發生第二次大戰、帝涉英國在內、無論加拿大憲法之理論上雖可中立、就加拿大日趨明顯之事實、對於英國作戰資源以及目前武裝和平、早己負有義務、故中立可能之討論、實屬廢話云、（路透社）
xianfa,187,18612,18612. 孫科歐游歸來 報告各國對我態度 全世界除德意外俱同情我國 我如團結奮鬥民族必可復興,申報_香港版 日期：1938-09-02 版次/卷期：02 版 漢口三十一日電,https://z.library.sh.cn/http/80/10.1.30.77/yitlink/tm/tm_shownews.php?id=A2016120023099&qrygroup=1&qrynewstype=SP_HK&n=18612,孫科歐游歸來 報告各國對我態度 全世界除德意外俱同情我國 我如團結奮鬥民族必可復興,八月廿九日、孫院長出席聯合紀念週、報告在國外經過、原詞如次、這次兄弟從國外囘來、承各方垂訽關於國際現勢和各國對我的態度、趁着今天的機會，不妨將個人在國外所得的印象、簡單昨講一講、兄弟是去年年底首都失陷後、才奉總裁之命出國的、因爲所要的任務、是前往蘇俄、所以首先到的地方、是莫斯科、 蘇聯當時正値蘇聯最高會議（根據新憲法召集的）開幕、兄弟曾往旁聽、接着又開最高常務會議、開了十多天、兄弟在那裏、逗留了兩個星期、普遍地和他們社會文化各種團體人員接觸，深感到蘇聯的政府和人民、對於我國都是很表同情，對於 國的侵略、隨時都加以痛斥，例如蘇聯的報紙、凡對於我國的抗戰情形和有利的消息、無不盡量登載、對于日本通訊社所發的造謠新聞、則一槪不登、而一般奧論、都認定中國抗戰、必獲最後勝利、至於蘇聯負責人員如史丹林先生等、兄弟和他們講話時、他們除了表示同情以外、還給我 以很大的勉勵、他們認爲中國抗戰前途、絕對樂觀、第一、因爲中國這一次的抗戰，全國一致、內部情形、實較優于往年的蘇俄、現在中國內部已經統一、同時又有蔣委員長爲最高領袖、領導抗戰、所以能始終團結與統一指揮、這力量是非實强大的、其次中國此次對於日本抗戰、實際上比蘇聯在一九一七年處內外夾攻中、更容易得多、因爲中國現在的 人僅係日本、全世界各國除德意外、都同情于中國、而且可以從外國取得軍火的接濟、至于富時的蘇聯、最大困難是沒有什麼正式軍隊可以作戰、帝俄時代的軍隊，都已瓦解，只靠革命黨員臨時組織軍隊、和外來千涉蘇聯的十幾個帝國主義國家、作生死死鬥爭、再說他們的物質條件、尤其缺乏、當歐洲大戰之後、又値革命時期、反革命派內亂的破壞、不僅沒有軍需工業的基礎、而且缺乏可以使用的槍砲、在國外購買也不可能、但是因爲他們的革命黨向有堅决的信念、不辭艱辛，憑苦鬥去奪取敵人檢砲、犧牲奮鬥、前仆後繼、終於驅逐侵略者出境，達到革命成功的目的、目前中國的革命、正是驅逐外來的侵略者爭取國家獨立自由的時候、也可說是一個民族在復興過的程中心、最要付出這種苦痛與犧牲的代價，上述蘇聯最高當局對我們說的話、一方面自然是勉勵我們的意思、另一方面確是客觀的歷史敎訓、我們不可不加以注意、 捷克兄弟離開蘇聯後、接者就到捷克、小有返留、捷克是歐戰後的新興國家、工業很發達、他的軍隊在歐洲諸小國中，算是最强的、全國人口不過一千四百多萬、但國內民族很複雜、有幾百萬是日耳曼民族、大部份是斯拉夫民族、但政治上的措施還能克服困難、他們的當局對於我國反抗日本帝國主義的侵略、是十二分同情的、現任的總統貝奈斯、對兄弟談及中國的抗戰、就表示非常的興奮、他以爲中國有這麼大的十地、這麼多的人民、絕對不會被日本所征服，自從抗戰以後、中國將士的英勇抗戰、已把中國的國際的地位提高不少、中國不但是將來世界的强國、實在現在便是一個强國了、這種鼓勵的美意、也是我們所當育貴的、 英法以後兄弟到了法國和英國、他們國內的一般輿論、對我國可說是百份之百都很表同情，英國因爲相遠東的利害關係很密切、無論保守黨自由黨和工黨、都一致秤擊日本、贊助中國、不過在政府方面、爲就外交的運用、因而所持的態，是略比在野者的情緒，稍有差異罷了、法國仍是人民陣綫的政府、但在政府巾佔重要地位的急進社會黨、也是似和的自由主義派政黨有如英國的自己黨并不十分偏激他們對我國根同情、其對我國的援助，政府雖未曾出面、但也能十分同情我們、總之、英法政中國的援助、雖然因爲暫時受了歐洲政局的牽制、表面上似乎不十分出以實際、仍是密切注意進行的、 德意談到德國和意大利對我國抗戰的態度、自然比較他國不同、德國在前數年因爲歐戰失敗、不久同我們一樣受他國壓迫、所以對中國是抱同病相憐的態度、輿論的同情是很明顯的、但近年來態度更變、德政府的外交政策、是走向所謂柏林羅馬東京的路線、所以對國內新聞實施統制、多登日本題訊社所發的消息、絕少刊載有利中國方面抗戰的新聞，而與蘇聯對我態度適成相反、尤其今年三月以後、因爲接受日本的要求，態度愈益惡劣、如不許中國學生在德學習軍事，撤囘顧問等等，都是很明顯祖日的，不過德國的工商界人民，與舊日軍部中人，因和中國有不少的關係，大體上都同情中國、希望中國抗戰勝利，意大利對我國的態度、比較德國更壞、德國還沒有正面攻擊我國的言論、而意大利的論調、則有時公開袒護日本、蔑視侮辱我國、有一次墨案里尼直屬的法西斯黨的機關報上，公開發表言論、說日本這次攻打中國、因爲中國是一個無組織不進步的國家、日本是代表世界文明人類，懲詞文化落後的民族、墨氏這種說法、簡直把中國視同阿比西尼亞、簡直是侮蔑中國、這雖然是意國的外交政策使然，但我們不能不引爲最大遺憾和恥辱的、 結論把各國對外的態度歸納來看，我們有一個很深刻的認職、全世界各國尤其是民主的各國、的確大多數同情我們、落助我們、只要我們全國能上下一致、抗戰到底、一定可以覓取友邦的助力、得到最後的勝利、至於很少數的國家、對我們的態度不良、甚至抹煞丁我們神聖的反使略戰爭的意義、這是帝國主義的眞正面目』我們實在用不着詫異，我們更當堅定我們必勝的信念、和民族爭生存獨立的决心，擁護領袖、團結奮門，以求得自力更生的途徑，我們相信中國不會滅亡、中華民族一定可以復興、
xianfa,187,18613,18613. 法對捷决履行公約,申報_香港版 日期：1938-09-01 版次/卷期：03 版 巴黎三十一日電,https://z.library.sh.cn/http/80/10.1.30.77/yitlink/tm/tm_shownews.php?id=A2016120023041&qrygroup=1&qrynewstype=SP_HK&n=18613,法對捷决履行公約,法內閣一致通過外長之過去一月政策後、據靈通界消息、法政府對捷態度、仍維持不變、且决意履行法捷公約之義務、法空軍總參謀長范勒滿報聘柏林時、亦曾將此意向德方道及、故再向德方通告、實不必要、免致引起誤解、此間表示樂觀、認爲英政府調解、必能成功、巴黎時報於贊揚英國外交行動後、謂柏林如向蘇台德黨指示採取温和調解政策、則危機必能迅速解决、據聞英內閣决定任由張伯倫哈立法克斯二人自由處理捷事、此間政界相信、英大使返柏林時、必向德方遞送一措辭極爲温和、而同時意義極爲明晰之公函、謂和平解决之途徑、端賴希特勒一人、因漢倫殊非有權便利行事之代表云，（路透社） （捷京三十一日電）據聞捷政府現擬計劃、根據瑞士憲法、將全國劃分十數州、其中包括蘇台德州三、蘇台德黨人可成立自己之議會、但全國議會、仍設于捷京、各州可選派代表參加、全國會議所處理者乃有關于全國之各項問題、以及財政、外交及國防之問題、惟此項提議、現尙在草創中、在未與蘇台德黨詳細討論之前、孔德所提出之原則、必須先行解决云、（路透社） （捷京三十日電）前法空軍部長伯萊閣德、于昨日下午乘機由巴黎抵捷京、捷總統貝奈斯定期接見、捷政府其他人員、亦擬出之會談、（中央社）
xianfa,187,18614,18614. 九月中旬 公審舒斯尼格,申報_香港版 日期：1938-08-26 版次/卷期：03 版 維也納二十五日電,https://z.library.sh.cn/http/80/10.1.30.77/yitlink/tm/tm_shownews.php?id=A2016120022679&qrygroup=1&qrynewstype=SP_HK&n=18614,九月中旬 公審舒斯尼格,據官方訊、前奧總理舒斯尼格、及具他奧政府與地方人員之受審日期、成將定爲九月中旬、當局對各受賽者、係以破壞憲法達反法律、之不顧公衆利益之罪名控訴及，奧法律界稱、各員受審時不致涉及 國菲名、此次是否公審，尙未决定、惟官方稱、無論如何、外籍記者、必不許聽審、舒斯尼格尙在維也納、頗受優待云、（中央社）
xianfa,187,18615,18615. 小協約國開會 調整匈國闗係,申報_香港版 日期：1938-08-22 版次/卷期：03 版 南國勃萊特城二十日電,https://z.library.sh.cn/http/80/10.1.30.77/yitlink/tm/tm_shownews.php?id=A2016120022429&qrygroup=1&qrynewstype=SP_HK&n=18615,小協約國開會 調整匈國闗係,小協約各國卽捷克、南斯拉夫、羅馬尼亞三國常設政治會議、定于明日在此間開會、南國內閣總理兼外長史羅雅第諾維區，項巳到達此間、羅國外長戈能捷克外長克洛夫達、則當于明日來此參加，此次會議所討論者，乃以各該國與匈牙利國相互關係調整問題爲主、（按七屆常設政治會議業已討論及此）、據消息靈通人士所知，匈國準備興小協約各國分別簽訂互不侵犯協定，而以合該國承認匈國恢復軍備平等權利，並保護合該國境內勾國少數民族爲交換條件、但關于少數民族問題、匈國對於小協約各國所提出之要求，并不相同、其對于捷克要求必須制成法律、面成爲憲法之一部份、其對于南羅兩國要求由行政機關採取各項適當辦法、小協約各國在此次常設政治會議中，因而必須决定應付辦法、或則採取共同想度、或則聽任各該國自由行動、其餘此次會議、并當討論國聯行政院大會時各該國所當採取之熊度、尤其是關于盟約第十六條、（卽制裁條款）存廢問題所當採取之態度、又自德奧合併援、關係各國關于多瑙河流域前所推行之國際制度、業已有所變更、小協約各國亦當討論及之、（中央針） （維也納二十一日電）希特勒親信般嘉德將親至車站迎候匈攝政霍爾第等一行來德、匈政府負責人此次來德係與德力商談匈牙利問題、此外匈牙利尙未得到軍備上奧小協約國之平等地位云、（中央社）
xianfa,187,18616,18616. 漢倫訪任錫曼 投訴捷克虐待蘇黨事 此次會商僅各自之繙繹員參加 廓清形勢須數日之後始能相見,申報_香港版 日期：1938-08-20 版次/卷期：03 版 捷京十八日電,https://z.library.sh.cn/http/80/10.1.30.77/yitlink/tm/tm_shownews.php?id=A2016120022294&qrygroup=1&qrynewstype=SP_HK&n=18616,漢倫訪任錫曼 投訴捷克虐待蘇黨事 此次會商僅各自之繙繹員參加 廓清形勢須數日之後始能相見,任錫曼動爵、今日與漢倫會商、地點在蘇台德黨領袖之私邸內、該地在捷京與阿許之問、甚爲隱僻、此次會商性質，甚爲重要、內容嚴禁公怖、參加者除任錫曼與漢倫外僅各自之繙繹人員而已、最近捷政府單與孔德磋商之理由、乃因漢倫並未向捷克憲法宣 云、（路透社） （捷京十八日電）任錫曼動爵與漢倫作長時間之私人談話後、今晚囘返此間、據洩漏出來之消息謂、在雙方晤談中、漢倫曾告以對蘇台德黨加以虐待與施行恐怖主義、任錫曼動爵之隨員、與漢倫之袍澤、亦曾開尋常會議、官方無報吿發表、現信此種接觸、亦有裨益、會議當中、曾主張漢倫與霍德柴開會討論、以打破僵局、其他各界相信、任錫曼勳爵起草調解方案、同時、列强開會討論一事亦將提出討論、任氏今日雖議見翟德柴、但廊淸形勢則須在數日之後始有把握云、（路透社） （捷京十八日電）任錫曼爵士繼續進行與仲裁工作、故昨日行將發生之僵局卒能避免、任氏定今日與蘇台德黨領袖韓萊因氏相見、其地點爲羅索奴堡、卽在鄰近於德邊之蘇台德黨區城內、倫敦捷克人氏得任韓二氏之會見消息後、又恢復希望、雖衆認時局極爲困難、但任韓二氏之會見、或足以挽救之、蘇台德先拒絕霍特柴總理之少數民族方案、在捷克人士眼光中、頗覺此舉最足以搖動人心者、乃其宣布之時間、如被等對於霍氏之提議不能贊同、應可及早表示之、欲政府在外界勢力之威脅下而繼續談利至爲困難云、（路透社） （捷京十九日電）任錫曼爵士對於地方事件及國際政策皆一致注意此可於其今日所處置之各問題中證名之蘇台德首領聞曾提出捷克之外交問題、此中似已漸爲談判席上所注意矣、據消息靈通之觀察家意見、此事至爲困難、因捷政府不欲外交方面接受他人之命令也、任錫曼爵士、昨在羅生霍思得蘇台德黨之報吿謂、在捷克西北部勃魯斯市新市長就職時、曾發生糾紛、關於該事件之經過言人人殊、日目變黨稱受傷省共十七人、而官方報皆則謂一人頭部受傷、三人受微傷（路達社）
xianfa,187,18617,18617. 未雨綢繆 捷將開國防最高會議 政府與辦黨談判經過 各界望雙方皆具善意,申報_香港版 日期：1938-08-15 版次/卷期：03 版 捷克京域十三日電,https://z.library.sh.cn/http/80/10.1.30.77/yitlink/tm/tm_shownews.php?id=A2016120021982&qrygroup=1&qrynewstype=SP_HK&n=18617,未雨綢繆 捷將開國防最高會議 政府與辦黨談判經過 各界望雙方皆具善意,捷克國防最高會議定於八月十六日開會、（中央社） （捷京十四日電）據一關於捷政府與蘇台德黨間談判之官方節略、謂渠等目前之目的、乃在比較政府草案之建議與蘇台德黨所提出之備忘錄中意見各異之點、前者以捷克憲法爲根據、而蘇台德黨之建議、則根據地域自主、各界希望雙方皆具養意、以締結一協定、滿足雙方而同時兼顧捷克國家之主權、然在今日普累斯堡該黨領袖會議席上、匈牙利少數民族之馬其亞少數反對黨領袖愛斯脫海珊宣稱、「無自主、卽無團結可能」、享林加神甫斯洛伐克自主派領袖、病已危殆、恐無活至明日之望、據聞由亨林加指派其繼承人之席陀爾、現在垂死領袖之旁云、（路透社）
xianfa,187,18618,18618. 社評近衛之煩悶 據外電所傳，近衛數日來在鄉村別墅冷靜考慮後，决定改造內政外交四大要點，卽將依此計劃...,申報_香港版 日期：1938-07-31 版次/卷期：01 版 卽一部,https://z.library.sh.cn/http/80/10.1.30.77/yitlink/tm/tm_shownews.php?id=A2016120020927&qrygroup=1&qrynewstype=SP_HK&n=18618,社評 近衛之煩悶 據外電所傳，近衛數日來在鄉村別墅冷靜考慮後，决定改造內政外交四大要點，卽將依此計劃，見諸實行，所謂四大要點者，一爲行政權之根本改造，二爲處理內政問題之新方案，三爲調整日蘇關係，四爲改善日英關係。其關於行政機構之改造，則首爲設置不管部大臣，使處理國務與部務，有明顯之區別。其次便爲設置宣傳省問題，使現時分設於陸軍省之新聞班，海軍省之海軍教育普及部，及外務省之情報部，合併而構成，一省,。其關於處理內政問題，則主要之點，在推動全國精神總動員。其關於調整日蘇關係者，則乘此次張高峯事件之機，以邊境糾紛爲中心，進行調整兩國邦交。其關於改善日蘇關係者，則以中國問題爲中心，設法緩和兩國之衝突。近衛所預擬之改造其內政外交方案，是否如此簡單，雖不可知，但爲其一部，則毫無疑義。 先從其調整日蘇日英邦交而言，當最近近衛內閣改組之時，，吾人卽已斷定其必積極推動其和蘇和英之外交方針。故當張高峯事件發作之初，吾人亦首先斷定其不至以武力解决。蓋日本在國際上雖得德意二國之援助，而僅免於孤立，惟環顧世界，若英，若蘇，若美，若法，皆與其處於對立地位，從任何方面觀察，日本决不能因德意而減少其國際上之危險性。彼與美法兩國雖少不能兩立之衝突，而與蘇英兩國，則時有一觸卽發之勢。日本現時國力，絕不能同時對付中蘇兩國，更不能同時時對付中英蘇三國。彼苟欲澈底對我，則對英對蘇，非取緩和政策不可。廣田政策，雖亦循此路線前進，但其結果適相反，此蓋由於廣田之推動力不足，恆受各方牽制，終於一無成就。宇垣出馬，其最大使命，卽在溝通軍部，確定和英和蘇政策，求其實現，今茲近衛所擬方案，不過依據抽象原則，謀具體之方案而已。和英易，和蘇較難，但蘇聯國策，在埋頭宅成建國工作，苟可維持和平，或不拒絕，特視日方之條件以爲斷耳。 次就改造行政機構及內政而言、則彼方數年來所提倡之行政機構改造問題，不僅爲設置不管部大臣而已，如貴族院制度之改造。衆議院議員選舉法之修改，皆有同等重要性，而右派軍人所迫切要求者，厥為議會制度之改革，倘近衛僅致力於內閣制度之改造，則其不足以滿足一般期待，無待煩言而後明。惟近衛實現議會制度之根本改造，則必遭兩院之反對，又極明顯。兩院在現在局勢之下，雖如「馴羊」，但其在憲法所賦予之權限內，仍有相當力量。就法言法；其力亦不可侮，故近衛所躊躇者在此。然此難關如不克服，則所謂行政機構改造，仍難達到目的，而國內之麼擦，不易緩和。至實現全國精神總動員，其事尤難，日本國民精神之萎靡，頗出乎吾人意料之外，人人不滿，個個困窮，推行戰爭，而無戰果可得。祈求和平，而無和平可期，振作精神，戛乎其難，此近衛最大之煩悶，亦即日本最大之苦痛也。 吾人只就外電所傳四點觀之，此爲近衛內閣改組後，必有之方案，而同時卽爲近衛內閣之最後試金石。對華作戰，前途遙遙。長期戰爭，雖非兩三年所能結束倘在此期問內，國際上有意外之事變，或其國內有革命之行動，則其國家之顛覆，直如摧枯拉朽。近衛所以苦心改革外交內政者，自亦有見於此。惟吾人相信日本若不翻然覺悟其對華作戰，徒損國力，且造成種種危機，以自陷其國家於不易挽救之苦境，則任何內政改革，外交方針，皆不足以收獲預期之成果，卽使暫時的對內對外，可以勉維現狀，而結局必至焦頭爛額，蓋爲世界識者所公認也。
xianfa,187,18619,18619. 英將派國商部大臣 任錫曼為捷政府顧問 協助捷克解決民族問題 捷國會定八月二日召集,申報_香港版 日期：1938-07-27 版次/卷期：03 版 捷京二十五日電,https://z.library.sh.cn/http/80/10.1.30.77/yitlink/tm/tm_shownews.php?id=A2016120020675&qrygroup=1&qrynewstype=SP_HK&n=18619,英將派國商部大臣 任錫曼為捷政府顧問 協助捷克解決民族問題 捷國會定八月二日召集,官方證實英政府倡議、遺派前商部大臣任錫曼勳爵前往捷京、為捷克政府顧問、此項提議、現由捷克政府加以審查、目前雖未有正式决定、但聞當局甚感謝英方盛意、大約明日卽可表示態度、如捷克政府接納此議、不特表示其願意與蘇台德黨和解、且表示歡迎英法二國之時予指導、英法兩方均承認捷政府之讓步、祗能限于憲法以內之範圍為止、故捷政府相信任錫曼勳爵在捷克政府顧問後、將發覺捷政府準備在不危及捷克安全之限度內竭力讓步、捷克國曾定於八月二日召集、但關於民族問題之建議、須先經政府興蘇台德黨及其他民族澈底討論後、冉向國會提出、（路透社） （倫敦二十六日電）日來外間盛傳英政府擬派仲裁員一團前往捷克協助解决蘇台區問題、現倫敦官塲對此說旣未能證實、亦未能否忍、此間外籍觀察家稱、任錫曼勛爵將被任為英方仲裁員云、（中央社） （倫敦二十六日電）張伯倫于今日下院討論外交事務時、將評述最近之國際形勢、特別述及捷克問題、（路透社）
xianfa,187,18620,18620. 蘇台德黨 向捷政府提備忘錄 再以前述八項要求為談判之基礎 捷總理與蘇黨接談內容嚴守秘密,申報_香港版 日期：1938-06-11 版次/卷期：03 版 捷京九日電,https://z.library.sh.cn/http/80/10.1.30.77/yitlink/tm/tm_shownews.php?id=A2016120017499&qrygroup=1&qrynewstype=SP_HK&n=18620,蘇台德黨 向捷政府提備忘錄 再以前述八項要求為談判之基礎 捷總理與蘇黨接談內容嚴守秘密,日目曼蘇台黨黨部、昨日宣佈彼等已向捷克政府提出備忘錄、內容係根據漢倫四月廿四日在克爾斯堡演說所提出之八項條件、並通知捷當局日目曼蘇台德黨準備以此種條件爲基礎、開始談判、此間各報載稱、捷政府昨已决定提出法案、將現行之兵役期限兩年延長爲三年、以資應付目前之局勢、依照該法案、現役士氏均須完畢其三年服役期限、始能退伍云、按漢倫所提八項條件如下、（一）日耳曼人與捷克人之地位一律平等、（二）承認日耳曼蘇台黨爲合法組織、爲兩民族平等之保障、（三）劃定捷克境內之日耳曼區、並予以合法承認、（四）各該日耳曼人民地區完全自治、（五）對于住本族地區以外之人民、一律予以法律上之保護、（六）掃除（一九一八）年以還、待遇日耳曼人之不平等事項、幷設法加以補救、（七）承認日耳曼區應由日耳曼官史治理之原則、（八）人民應有入德籍及信仰德國政治哲學之充分自由、（中央社） （捷京九日電）捷內閣總理霍德柴、今日與漢倫之代表數人、關於解决蘇台德日耳曼人問題、會商二小時、聞蘇德台日耳曼人所提出八項要求之備忘錄、內閣將根據憲法與民族條例之草案、加以審查云、（路透社） （捷京九日電）內閣總理霍德柴、頃于本日接見日耳曼族蘇台德黨衆議員孔德與貝德 曁羅煦三人、當就該黨關於日耳曼族法理地位昨所提出之備忘錄加以討論、經過情形、雙方均嚴守秘密、至此次備忘錄能否作爲談判基礎、內閣當於日內加以决定、此外據左派機關報浦爾格報載稱、美國斯洛伐克族首席代表法朗哥與霍德柴總理晤談時、當應允勸告斯洛伐克族自治黨黨魁林嘉主敎、勿與捷克共和國之敵人、（指蘇台德黨）結成集團云、（中央社） （華沙九日電）波處長柏克上校、頃于本日接見捷克公使斯拉維克、按之可靠消息、斯拉維克如向柏克處長聲明、捷克政府對于境內波蘭國少數民族，當與其他各族一體待遇、不分軒輊云，（中央社）
xianfa,187,18621,18621. 捷少數民族問題 卽將正式談判 蘇黨黨魁突然赴德 漢倫此行料係與民族問題有關 捷斯洛伐克族向政府要求自...,申報_香港版 日期：1938-06-06 版次/卷期：03 版 捷京四日電,https://z.library.sh.cn/http/80/10.1.30.77/yitlink/tm/tm_shownews.php?id=A2016120017140&qrygroup=1&qrynewstype=SP_HK&n=18621,捷少數民族問題 卽將正式談判 蘇黨黨魁突然赴德 漢倫此行料係與民族問題有關 捷斯洛伐克族向政府要求自治,日目曼族蘇台德黨黨 漢倫、四日晨擕同妻兒自亞許城（卽該黨黨部所在地）乘汽車出境、未知前往何處、該黨負責人士對於漢倫行踪、亦拒不發表、同時漢倫之親信一人、亦已出國、據聞漢倫此行往非柏林、卽係前往德國員許特斯伽登鎭會晤希特勒元首、一般人並謂捷克半官方面、甫於本日發出消息、謂霍德 總理、定於下星期六以關於各少數民族法理地位問題之計劃、提交各少數民族代表作爲談判基礎、漢倫突於此際前往德國、自與此事有關云、（中央社）、 （捷京四日電）捷蘇台德黨領袖漢倫擕其妻及家屬、由其故鄉亞許鎭、乘汽車赴德，其確實目的地未詳、或僅爲假日旅行、至其詳情則不得而知云、（路透社） （捷克國勒拉蒂斯拉伐城四日電）斯洛伐克族自治黨卽當依據一九一八年已故總理瑪薩里克與該族代表所簽訂之協定、向國會提出法律案、要求自治、其要點有九，（一）斯洛伐克族、應在捷克共和國現行機構之內，實行自治、（二）斯洛伐克語言應承認爲正式語言、（三）斯洛伐克省設立立法機關、（四）斯洛伐克省各行政機關完全自治，直接向該省立法機關負責、（五）捷克共和國外交玫策應由捷克衆議院負責指導、但事關國際諒解者、斯洛伐克省立法機關亦有過問之權、（六）捷政府現行關稅政策失之不公、斯洛伐克族人因此所受之損害應由政府予以補償、（七）承平時代、斯洛伐克省駐軍員額應以居民數目爲比例，而由斯洛伐克族軍官指揮之、（八）斯洛伐克省森林礦產水利均係斯洛伐克自治區公產、（九）斯洛伐克自治區公務員，應以斯洛伐克族人任之、（中央社） （捷京四日電）據官方消息、霍德柴總理、定下星期內與各少數民族、暨各政黨代表、就整個少數民族問題、開始正式談判、卽日耳曼族社會民主黨代表、亦當參加其事、此外政府關於各少數民族法理上地位問題所起草之計劃、已大致完成、舉凡少數民族問題所可引起之各項因素、均皆包括在內、但存提付國會討論之前、各少數民族意見如何、必須首先加以查明、因此尙未擬就定稿、（中央社） （巴黎四日電）外長龐萊、頃于四日晨與英國大使費潑斯爵士進行長時間談話、所討論者係以捷克問題暨西國內戰不千涉辦法調警委會開會 爲主、關於捷克問題、據該國京城傳出消息稱、霍德柴總理與蘇台德黨代表所進行之談判、着重蘇台德區域實行自治問題，其目的乃在該區域設立行政自治機關、幷在日目曼族中甄拔公務人員、霍德柴總理刻正積極徵詢各法律專家之意見，務使關于少數民族各項改革辦法不致違反捷克現行憲法各項原則、關於西班牙問題。消息靈通人士頃宣稱、英國政府迄未向法國提議共同調處西國內亂、但一般印象以爲英國內閣刻正就此事加以討論、特何日始可實現、則不得而知耳，（中央社）
xianfa,187,18622,18622. 捷兵越德境虞外長道歉,申報_香港版 日期：1938-05-24 版次/卷期：03 版 捷京二十三日電,https://z.library.sh.cn/http/80/10.1.30.77/yitlink/tm/tm_shownews.php?id=A2016120016246&qrygroup=1&qrynewstype=SP_HK&n=18622,捷兵越德境虞外長道歉,關于捷克軍士企圖謀炸柴耶河德境方面之木橋事 、據捷克情權局亦承認此事、經調査後、捷國軍士確有進至德境、惟無立意將橋樑爆炸、又軍事長官經向外部報吿、並將軍士嚴辦、又外長克羅夫達、經向德使道歉云、（海通社） （柏林二十二日電）此間得報、捷克軍隊曾於昨日侵入德境、擬在一橋梁下埋置炸藥、據一德方報告、該項炸藥共裝二十罐、每罐計重一磅、分置於橋樑各處、幸當時有德軍防軍二人趕至、捷克兵士知計劃敗露、乃越邊逃歸、按該橋跨越柴耶河、一端屬於捷境、一端則爲德國之波哈書柴爾鎭云、（路透社） （捷京二十三日電）昨日深晚、蘇台德日耳曼黨在捷京帕拉辯舉行會議、謂『在蘇台德各區域內、電無叛變或抵抗徵象、而捷克政府、竟採取與憲法相違背之手段、故應提出抗議、又英國政府似以爲捷政府對於蘇台德日耳曼人之合法的要求、皆有允諾之意、本黨對于此種態度、亦反對之、如本黨以前所要求之保障、捷克政府不能給予圓滿之答復、則本黨殊不覺有開始談判之可能」又據半官消息、德方所傳之「炸橋事件」現經官方正式調査、乃捷克兵士若干人、當時僅欲 橋而至 境、後見有德國之關員在場、乃逃囘本國、聞捷克外長克羅夫達、已爲此不幸事件、向德國駐捷公使道歉、（路透社）
xianfa,187,18623,18623. 捷實行召 後備軍,申報_香港版 日期：1938-05-23 版次/卷期：02 版 捷克京城二十一日電,https://z.library.sh.cn/http/80/10.1.30.77/yitlink/tm/tm_shownews.php?id=A2016120016147&qrygroup=1&qrynewstype=SP_HK&n=18623,捷實行召 後備軍,今晚證實捷克國防部已下令召集第一第二線後備軍及特務團、據官方之解釋謂，此舉之目的在使此項後備軍習用某種新式武器、同時捷克當局又感覺各兵種缺點、自亟加補充之必要、以便在此緊張局面下、維持國內之秩序與安全、幷防止國勺各處再有衝突、惟迄今捷政府絕未下令動員則無疑問、掩總統今晚在太波地方發表演說稱、「吾人毫無所畏敵、但仍希望歐洲二次大戰可以避免、與我國內各民族間之談判可以圓滿吿成、捷克擴充軍備與歐洲各國相同、在必要時、吾人將竭盡心力以護衞祖國、並獲得勝利」、（路透社） （捷京二十一日電）捷克外長克薩夫達、昨日逐一接見英德法三國公使、說明調軍赴邊、係爲維持秩序、召集國內後備軍、則純因 隊出動後、不能不派往各市鎭維持治安、蘇台德日耳曼黨發出公吿稱、捷克召集後備軍、實爲 險、及非法之舉、因其發動於總參謀部、而該部實無權處理公安事宜也，該公吿請人民力持鎭靜、昨晚幷由無線電廣播、請人民維持秧序、捷克方面、以伊加地方蘇台德兩靑年農夫被殺、德國或將要求 滿意解决辦法、一半官性質之德國某批評家稱、捷政府關於此事所發之公報，全係虛構、該二靑年農夫、實由捷方故意所謀害者云、（路邊社」 （柏林二十二日電）此間有一半官消息稱、「倫敦來訊、英政府批評蘇丹德黨不應要求在與捷克政府開始談判前、先得種種保障、英政府此言、實堪詫異、據此間政界人士觀測，英玫府向捷克提出忠吿、捷克雖有『善意的答復』、但此種答復、實與捷克之眞情不符、特英玫府未及注意耳』、德總理府之萬級官員、昨日直至深晚猶在工作、德外部亦燈光燦爛，至深晚始已、蘇丹德日耳曼黨首領、今晚抵維也納，立卽轉車赴捷京、該黨代表佛蘭克、則在捷京晉騙捷總理 特柴、并稱「捷克當局之種種措 、股爲不幸、實際上不但未能快復治安、反使人民更爲恐慌、本黨要求遵照憲法而恢復治安、是卽謂捷政府應與本黨合作、以維持國內之和平與秩序、佛氏要求捷政府應卽設法防止「伊加慘案」之重演、并請予被害家族以撫卹、懲罰負責開鎗之人、（路透社）
xianfa,187,18624,18624. 小數民族問題 捷政府將提付國會討論 意國正式宣佈絕不過問此事 蘇黨態度強硬拒絕折衷辦法,申報_香港版 日期：1938-05-21 版次/卷期：03 版 捷克京城十九日電,https://z.library.sh.cn/http/80/10.1.30.77/yitlink/tm/tm_shownews.php?id=A2016120016015&qrygroup=1&qrynewstype=SP_HK&n=18624,小數民族問題 捷政府將提付國會討論 意國正式宣佈絕不過問此事 蘇黨態度強硬拒絕折衷辦法,關於小數民族法理上地位問題、捷克政府業已草擬法案、準備提付國會討論、此問負責人士頃宣稱、國務總理霍德柴、當在下星期內與日耳曼族蘇台德黨黨 漢倫、進行談話、按之該黨所發來之公報、漢倫業已前往阿爾卑利山休息、此在日耳曼族超然派所屬各報、則謂關于少數民族問題、當由蘇台德黨各議員與政府進行談判、而不由漢倫爲之云、按豫德柴總理本日業與蘇台德黨國會黨團領袖肯特、進打長時間談話、（中央社） （羅馬十九日電）關于捷克國日耳曼少數民族問題、此間負責人士、頃正式宣稱、意國對于此事絕不過問云、（中央社） （巴拉加二十日電）昨晚蘇台德黨在此間舉行反對普示威運動時、該黨代表山德拿向衆宣稱、蘇台德黨不能接納捷政府所擬之國藉法規、必須准許蘇台德日耳 民族，得有眞確合法自决之權、又蘇台德德民族與捷人亦可融洽一致，倘漢倫在加衛斯巴曉演說、對設立法律、保 小民族之要求、得政府接納、蓋漢倫之要求、在英京方面、亦 爲蘇台德日耳曼人與捷克之談判根據云、（海通社） （倫敦二十日電）據此間政界消息，捷國匈牙利小教民族、因鑒于蘇台德黨 袖漢倫之收效、將于日間派代表團訪問英京、與英政界聞人及議員會晤云、（海 社） （捷克京城二十日電）日耳曼族蘇台德黨黨員、昨晚在德意志大廈舉行集會時、參加者共有一萬人之多，、該黨衆議員瑚德奇幷發表演說云、本黨所提各項要求、必須完全予以滿足，吾人决不接受何項折衷方案、捷克國國家能否與吾人成立諒解、乃其生死存亡所關、吾 日耳曼人所享受之權利、應由法律予以承認、捷克方面所可承認之權利、應由憲法加以保障、乃可為人接受、捷克國國家非一族所得而私，吾人幷要求自、傳授國社黨主義之櫬利、吾黨黨魁漢倫已受日耳曼族百分之九十五之擁戴、各市鎭參議會改選結果、卽當有以證明之、此外漢倫倫敦之行所獲結果、亦爲吾人所滿意云、（中央社） （捷克國京城二十日電）日耳曼族蘇台德黨情報組頃發表公報稱、本黨黨魁漢倫、日前在倫敦與英政界人士進打談話、所獲 果、頃由政治委員會加以審查。藉悉蘇台德區居民所提各項要求、已爲外國方面所了解、因而表示滿意云（中央社）
xianfa,187,18625,18625. 德侵捷之先聲 日耳曼人在捷示威 要求舉行公民投票 英調解捷克問題遭德反對德對捷態度強硬不允讓步,申報_香港版 日期：1938-05-03 版次/卷期：03 版 捷克京城一日電,https://z.library.sh.cn/http/80/10.1.30.77/yitlink/tm/tm_shownews.php?id=A2016120014822&qrygroup=1&qrynewstype=SP_HK&n=18625,德侵捷之先聲 日耳曼人在捷示威 要求舉行公民投票 英調解捷克問題遭德反對德對捷態度強硬不允讓步,本日係國際勞工節、亦卽德國國家勞工節、日耳曼族蘇台德黨頃在此間舉行示威運動、幷由黨員漢倫發表演說，要求捷克國舉行公民投票、以决定日耳曼族有法律上所處地位、其言有云、余深信捷克族人民均願在較爲合理之情形下、受政府之統治、但報紙宣傳、實足以掩蔽眞相、當予以排除、政府茲旣詢問捷克族人民日、汝輩究欲在和平正義中生息、抑或在現行怨恨賢與日耳曼族不斷鬥爭之環境中生存乎、詞談及日前渠在蘇台德黨大會中所提出八項要求、謂余茲明白宣言、比項要求爲合理、乃係最低限度之要求、尚未足爲民族問題解决基礎、并無不可接受之處、蘇台德黨與日耳曼族現均一致爲之後盾、使在捷克國民範圍內、獲得完全平等權利是也、歐洲各民治國、茲當向捷克政府施以壓迫、使以土地權利界予日耳曼族、否則吾族對于捷境現在少數民族之地位、决不認爲滿足、抑此項地位、質與捷克代表團在巴黎和會所提供之諾言、暨歐戰對奧和約之規定、互相矛盾、卽與捷克打指模規定之勝利、亦相抵觸也、吾人茲願以捷克憲法爲出發點、庶以覓求少數民族問題解决方案、此項憲法須當予以修正、俾與現行需要相遙應乃可耳、漢倫嗣又談及日耳曼族所提出各項要求、謂前當奧國波希米亞省會議時、捷克族議員、曾經一致通過法律、要求波希米亞省內保陣捷克族與日耳曼族之平等權利、此項法律、已將波希米亞省日耳曼族之個性與其行政自治權、予以承認與余在蘇台德黨大會所提出此項要求實未見有何差異也、至是漢倫乃作結論云、捷克政府意向何在、茲當有以說明之、並謂上帝在吾族民衆之前、深瞭解有重大責任、但凡爲公允的主張而奮門固者不應絲毫有所畏懼也云、（中央社）
xianfa,187,18626,18626. 捷克政府拒絕 蘇台德黨要求 該黨首領所提之條件 不能作爲談判之根據,申報_香港版 日期：1938-04-28 版次/卷期：03 版 捷京二十七日電,https://z.library.sh.cn/http/80/10.1.30.77/yitlink/tm/tm_shownews.php?id=A2016120014503&qrygroup=1&qrynewstype=SP_HK&n=18626,捷克政府拒絕 蘇台德黨要求 該黨首領所提之條件 不能作爲談判之根據,捷內閣已决定拒絕日耳曼民族蘇台 首領 倫所提之條件、謂此不能作爲談判之根據、捷政府頤在捷憲法現定以內 蘇台黨代表 判云、（中央社）
xianfa,187,18627,18627. 屋租問題布力架建議設專員主理指出業主加租的謬誤,申報_香港版 日期：1938-04-25 版次/卷期：04 版 本報訊,https://z.library.sh.cn/http/80/10.1.30.77/yitlink/tm/tm_shownews.php?id=A2016120014302&qrygroup=1&qrynewstype=SP_HK&n=18627,屋租問題布力架建議設專員主理指出業主加租的謬誤,前立法局何人代表布力架氏、於調查屋租報吿書發表後、曾一度致函西報、痛祗該報吿書之不能為人民解除痛苦、昨日布氏又致函英文星朋報、冉論加租事伴、茲述譯其大意如下、 立法局員皆守緘默 政府今者接納「調查屋租 吿書」之一切建議矣、該調查屋租委員會。乃受政府任命而組織成之者，今其有所建議、政府當然接納之、報吿書發表之日、立法局各無官守議員、並不加以詳細討論、大有包含默許之意、除非各議負一致贊成該委員會炎理論耳、否則何謙遜若是也、本港憲法組織、不容有區域上的代表、又不容有地理上的代表、本人對于歲遠年湮之事、不便評議、但對此次屋租問題、則不能不再有所欲言，本年港庫預算收入、其數為三千萬元、地稅收入預算、其數為六百萬元、新界地稅不在數內、預算雖如此、但有超出此數之希望、 大部份納稅人痛苦 現下屋租問題、如是嚴重、彼大部份納稅於政府之人、亦要納租者、竟無從在各為中說出一句抗議、豈得謂平、竊以為政府宜體諒其受業主壓迫之苦况、而予以解救也、書至此、本人有所感觸、為今之計、視乎當局取何步驟、以比較出人本港人數之懸殊、雖然、此種步驟、對於解决屋租問題、無甚補助、溯自委員會報吿書發表後、居處有年之住客、接信逼令遷出者、已有多起、有等住客、雖允繳納出於常理外之昻貴屋租、仍不免接不逐客之令、屋租高增、已無可諱言 租佔半薪仍謂未足 查政府職員所繳屋租、不過薪金之百分十五、但有一般居民、雖以一半薪金繳納屋租、業主仍以為不足、而同時稱謂祗取八厘利思、於此有人焉、用貸來之款、以最高之抄價、買入一屋、作投機事業、坐享八厘之利、其所謂八厘利息、殆眞八厘歟、顧猶謂此非賭博性質、乃正當投資事業、夫睢信之、現目股份市情、有某某等四家公司、其股份價漲至一百二十元、二百一十元、四十五元、四十元者、若謂投資必要收八厘利息、則應得利息九元六角、十六元八角、三元六角、及三元二角、但各該公司所派之利息、則僅得二元、八元半、九角、及一元二角耳、去八厘之標準利息尙遠、乃業主必欲得八厘之利息、得無太過苛求、 一個建議認為可行 今鄙人有一建議、為衆陳之、俾得對于住客有所援助、而對於某種業主、有所防範、本人之意、以為政府宜在一機關內、設一特務局員及一副局員、專司收納住客投訴書、及在詳細調查所訴之事、從速訂立保障條例、因補救之法、現目亟待施行、據本人所知、由六十示之租增至一百一十元、而猶不免被逐出者、亦有由百元頓加百七十五元者、來日方長、此蒲加租及逐客事、恐未有艾云云、
xianfa,187,18628,18628. 捷日耳曼報紙准免檢查,申報_香港版 日期：1938-04-14 版次/卷期：03 版 帕拉辯十三日電,https://z.library.sh.cn/http/80/10.1.30.77/yitlink/tm/tm_shownews.php?id=A2016120013574&qrygroup=1&qrynewstype=SP_HK&n=18628,捷日耳曼報紙准免檢查,捷克境內蘇台德日耳曼人、向捷總理 持柴要求勿再檢查彼等所辦之新聞紙，并謂檢查新聞與憲法保障之出版自由相抵 、霍氏接得要求書後卽加以研究、結果、認爲確有理由、已下令免予檢查矣、各部長又請國內各黨機關報應停止互相攻擊、使國內之和平空氣濃厚、可與蘇台德日耳曼人舉行談判、各部長鋻于時局嚴重、復活節假期內仍 京辦事、五月一日爲國際勞工節及國社黨紀念日、捷政府已禁止該日一切民衆示威遊行等舉動、（路 社）
xianfa,187,18629,18629. 法財政法案遭否決勃魯姆內閣總辭職副總理達拉第拔下命組閣新閣包羅各政黨之人物,申報_香港版 日期：1938-04-10 版次/卷期：03 版 巴黎八日電,https://z.library.sh.cn/http/80/10.1.30.77/yitlink/tm/tm_shownews.php?id=A2016120013295&qrygroup=1&qrynewstype=SP_HK&n=18629,法財政法案遭否決勃魯姆內閣總辭職副總理達拉第拔下命組閣新閣包羅各政黨之人物,法政府之財政案、已爲參議院否决、勃魯姆內閣隨郎醉職、參議院對于該財政案竟未予討論而加以拒絕、原案以二百二十三票對四十九票立遭否决、就吾人記憶所及、當時參議院內人數之擁擠、實爲向所未有、勃魯姆登台演說足有二小時之久、但時時受反對方之鼓掌訕笑、勃氏嚴斥議院之失當、謂『今日之情形與一九二六年或一九三四年間皆不相同、各勞工階級已自覺其權利所在、汝等殊無决定之權、此權當操諸由民衆普選而組織之議會』、參議院議長尼耐氏阻止勃氏繼續發言云、『本院當以充分自由下一决議、總理先生、請卽結束高論可乎、』勃氏乃作最後之呼籲、并謂憲法所賦予之職權、參議院已達最高點矣、勃氏下台後、全院驟歸沉寂、投票之結果揭露後、勃氏卽决定辭職、副總理達拉第氏將奉命組閣、新閣當包羅各政黨之人物云、（路透社） （巴黎九日電）昨日法前陸長達拉第經接到總統利勃倫訓令組織新內閣、以混合各黨派爲主旨、聞財長一席將委利諾負責、衆料新閣須俟星期六日國會大會議時察看社會民主黨之態度如何方能定奪云、（海通社） （巴黎八日電）關于政府所提出之財政法案、參院頃于本日以二一四票對四七票又三八票棄權、决定拒不加以討論、勃魯姆內閣當郎于午後八時向勒勃倫總統提出辭職、總統旋于十時召見急進社會黨黨魁卽前國防總長達拉第、命其組織新閣、達拉第于十一時十分離總統府時、向報界談話、謂已應允組閣，又據達氏左右人士稱、達拉第所當組織之新閣、當包括社會黨與中央派各黨在內、而由中央派要人萊諾担任財長、似此新閣在國會中、當由社會黨急進社會黨與中央派各黨、加以贊助、各該人士又謂新閣閣員數額當較以前歷屆內閣爲少、郎使社會黨拒不入閣、達氏仍當進行組閣、該黨全國執行委會當于明日午後開會討論應否參加內閣、此在達拉第本人深信社會黨卽使拒不入閣、仍富在國會中贊助、因此新閣或可于本月十日晨間組織成立、此在各觀察家、則以爲此次勃魯姆內閣、係爲參院所准翻、而急進社會黨則在參院中居于最大黨地位、因此新閣倘由急進社會黨要人担任總理、社會黨擬不參加、殊屬可能云、（中央社）
xianfa,187,18630,18630. 捷克駐英大使與英外次長談,申報_香港版 日期：1938-04-09 版次/卷期：03 版 倫敦六日電,https://z.library.sh.cn/http/80/10.1.30.77/yitlink/tm/tm_shownews.php?id=A2016120013230&qrygroup=1&qrynewstype=SP_HK&n=18630,捷克駐英大使與英外次長談,捷克國駐英公使瑪薩里克、最近返國一行、俾就該國日自曼族蘇台德黨要求自治暨德國所可出之威脅行動兩層、向該國政府有所請示、頃於本日返抵此間、並與英外部次官賈德幹爵士進行長時間談話、據一般人所知、英國現亦勸告捷政府務在憲法範圍之內、對于蘇台德黨有所讓步、幷聞該黨 袖漢倫、日內與捷克國務總理霍德柴會晤時、則當明白提出自治要求、此在倫敦捷克人士則謂少數民族問題乃係捷克內政問題、非俟德國正式提出因而成爲外交問題時、捷克政府不致要求英法兩國外交上加以聲援、各該人士與此間外交界消息靈通人士並均以爲法國不施壓力則已、苟施壓力當先向匈牙利羅馬尼亞兩國為之、按羅國傾向獨裁之色彩近極濃厚、因此捷克卽將介於德國與同情德國之匈羅兩國之間、然後再由德國施以壓力、其事即可易措手也，此外英國一般人對於波蘭所持態度極爲重視、以爲英國今後當努力使波蘭與捷克兩國關係趨於緩和、關於此層、此間人士并相信意國倘能存以善意態度則波蘭對於維持歐洲現狀一層尤可多所盡力、因此法意兩國他日倘能進行談判，並使雙方關係關於接近、則對於波蘭所持態度乃至多瑙河流域現行局勢之穩定必可發生重大影響、蓋以法意彼三國保有良好關係之後、對於中歐洲局勢當可大有裨益故也、（中央社）
xianfa,187,18631,18631. 譯文戰時日本學界混亂之現狀,申報_香港版 日期：1938-04-08 版次/卷期：03 版 續,https://z.library.sh.cn/http/80/10.1.30.77/yitlink/tm/tm_shownews.php?id=A2016120013175&qrygroup=1&qrynewstype=SP_HK&n=18631,譯文 戰時日本學界混亂之現狀,京都帝國大學經濟學部教授神戶正雄博士因研究華北資源而獲得爲『日本學術振興會第二特別委員會』之委員長，在開發事北之聲中，神戶氏不失爲一時局之要人。神戶正雄業已辭去京大教授。代之而起者爲助教授蜷川虎三博士，卽由助教昇至教授。京大經濟學部教授作田莊一博士，亦已醉去京大，而將新任『滿洲國』國立建國大學之副總長（副校長）偽官 上，總長由國務總理兼任，故作田氏爲實際上之總長。（記者按作田莊一教授爲日本主義之經濟學者，今日果然步步高昇。但一般眞正經濟學者，則在渡悲苦之生活。） 使人不勝感慨者爲河上肇博士，以前雖在京大經濟學部任職，今日初由獄中出來，而渡其憂愁之老境生涯！ 更可悲者爲老學者美濃部達吉博士，因著機關說被法西斯黨徒暗殺受傷以來，在渡灰色之生活，今日則禍不單行，其唯一令郎美濃部亮吉忽被檢舉入獄，老博土訪警視廳詢其令郎之時，傷心之悲狀，令人見而流淚！美濃部亮吉爲日本法政大學之教授，思想比較前進，與美濃部亮吉同時被檢舉者爲亮吉氏之從弟南 二教授，以世川金作講師，以及守野弘藏助教授等。此時眞可謂日本經濟學者受難之時代。 三）法學部 貴族院三案戶敬光子曾攻擊東京憲大法學部長田中耕太郎博士。問題係由于田中博士所著『法與宗教與社會政策』中對于神社問題之關係所起。三室氏認爲對神社觀念違反民族。彼卽根據此點對田中氏大加攻擊。 執日本憲法學界牛耳者爲美濃部達吉博士，但自前年發生美濃部事件以來，（卽因『天皇機關說』而發生『國體明徽問題』，美 部大受右翼者之攻擊，結果並受右翼法西斯黨徒之暗殺受傷（美濃部達吉博士引退）由東京帝大之新說宮澤俊義教授繼之。 但因戰時之下，一般日本主義之法論者漸漸抬頭，例如京都帝大法學部黑四覺教授。其近者『本憲法論』頗博得好評認爲對『日本學』之貢獻頗大，此外爲著『日本學之日本國家學』之九州帝國大學佐治謙讓助教授，以及共著『日本國家學』之國民精神文化研究所所長大串美代夫氏與大東文化協會理事藤澤親雄氏。 （四）肅學之風 最近各大學均風行肅學運動。東京帝大經濟學部卽借革新派之名義實行肅學，東京帝大設立『大學制度審杳委員會』實行『大學之再檢討』事，使帝大校長與又郎博士相當傷心。但因慶祝南京陷落，得以動員學生三千五百學生獲得甚大成功。 京都帝國大學因農學部事件，本部會計課事件，工學部事件，醫學部特診價格事件，理學部山本一淸博士事件等在在需 肅正之問題，今正由新任校長濱出耕作博士以獨特之手腕着着進行肅學中。 東京商科大學亦爲學校風潮有名之學校。自因教授間暗鬥發生『商大事件』以來，其後卽着着進行粛學工作。去年七月組織之『學制調查委員會』改革案亦漸次實行，全體學生一致擁護上田貞次郎爲校長， 慶應大學亦受時局之影響，因由於墩長卽校長小泉信三博士之英斷，首先發表一大學制之改革。 （五）國體明徵講座 肅學之目的，在求排除歐美萬能之學風，歸于眞正的日本主義，是故各大學設立所謂『國體明徽講座』之一課。東京帝國大學始終未設此講座，直至最近與教育部折衷之結果，在文學部設帝『日本思想史講座』。主任教授爲國史學之平泉證教授。此平泉教授爲時下之紅星教授，國體明徵派之戰將。平泉教授曾謂『如自由民權，民主政治，共產主義等一種魔，要知乃不過一種黑暗時之狂暴』。彼又召開修養團體之『朱光會』在該校慶祝南京陷落時慶祝大會之成功，乃此朱光會活動之力有以造成。主東京帝大此次又設一『神道』之講座學任講師爲宮地直一博士，又京都帝國亦新設一『本思想史』之講座，主任教授爲國史學之西出直二郎博士。（國際社）
xianfa,187,18632,18632. 埃及參衆兩院改選國民黨競選失敗政綱不修內分裂政府壓迫以致失敗,申報_香港版 日期：1938-04-05 版次/卷期：03 版 埃及開羅城三日電,https://z.library.sh.cn/http/80/10.1.30.77/yitlink/tm/tm_shownews.php?id=A2016120012987&qrygroup=1&qrynewstype=SP_HK&n=18632,埃及參衆兩院改選國民黨競選失敗政綱不修內分裂政府壓迫以致失敗,埃及國參衆兩院日昨開始舉行改選、全國分爲上下埃及兩選區、共應選出議員二百六十四人、改選結果、頃已大致揭曉、計政府派各黨佔一百席、國民黨分裂派佔八十席、向政府表示同情之超然派佔五十四席、而一度爲國會最大黨之國民黨則僅佔十二席、上屆國會議員二百三十四人中、國民黨議員共佔一百五十九人、該黨各領袖各前總理那哈斯、卽代表埃及與英國成立英埃條約者、則告落選、政界人士頃就國民黨競選失敗事加以評論、謂理由不外四項、（一）國民黨政綱乃爲埃及爭取獨立、今茲埃及業已獨立、而該黨仍不知修改政綱、以適合新局勢致失民衆之擁護、（二）埃及國政權仍由國王法魯克加以執拿、國民黨最近曾爲憲法問題，與國王發生爭議、卒歸失敗以致該黨勢力大爲減削、（三）國民黨內部最分裂之後、黨員凡擁護黨對柴魯爾者、均歸入分裂派、該派聲勢日盛、（四）競選期間、政府對于國民黨、曾加以壓迫、因此種種、該黨卒力一蹶不振云、（中央社）
xianfa,187,18633,18633. 臨全代會通過抗戰建國綱領,申報_香港版 日期：1938-04-04 版次/卷期：02 版 漢口二日電,https://z.library.sh.cn/http/80/10.1.30.77/yitlink/tm/tm_shownews.php?id=A2016120012909&qrygroup=1&qrynewstype=SP_HK&n=18633,臨全代會通過抗戰建國綱領,臨時全代會如過之中國國民黨抗戰建國 領、原文如下、中國國民黨領導全國、從事于抗戰建國之大業、欲求抗戰必勝、建國必成、固有賴于本黨同 之努力、尤須全國人民 力同心、共同担負、因此本黨有請求全國人民捐棄成見、破除 域、集中 志、統一行動之必要、特於臨時全國代表大會製定外交軍事政治經擠民衆敎育各綱領、議决公佈、使全國力量、得以集中團結、而實現總動員之效能、其綱領如左、 總則 （一）確定三民主義暨總理遺敎、爲一般抗戰行動及建國之最高準繩、（二）全國抗戰力量、應在本黨及蔣委員長領導之下集中、全力奮勵邁進、 外交 （三）本獨立自立之精神、聯合世界上同情於我之國家及民族、爲世界和平與正義共同奮鬥、（四）對於國際和平機構及保障國際和平之公約、盡力維護、 充實其 威、（五）聯合一切反 日本帝國主義俘略之勢力、制止日本使略、樹立并保陣亞之永久和平、（六）對于世界各國現存之友誼、當益求增進、以擴大對我之同情、（七） 認及取消日本在中國領土內、以武力造成一切僞政治組織、及其對內對外之打爲、 軍事 （八）加索軍隊之政治訓練、使全國官兵明瞭抗戰建國之主義、一致爲國效命、（九）訓練全國壯丁、充實民衆 力、補充抗戰區部隊、對于華僑囘國效命彊楊者則依照其技能施以特殊訓練、使之保衛祖國、（十）指導及協助各地武裝人民、在各戰區司令長官指揮之下、與正式軍隊合作、以充份發揮保衛國土、捍禦外侮之本能、幷在敵人後方、發動普遍的游擊戰、以破及牽制敵人之兵力、（十一）撫慰傷亡官兵、安置殘廢、幷優待抗戰人員之家屬、以增强士氣、而爲全國動員之鼓勵、 政治 （十二）組織國民參政 關、團結全國力量、集中全國之思 見、以利國策之决定與推行、（十三）實行以 爲單位、改善並健全民衆之自衛、因施以訓練、加强其能力、並加 促成地方自治條件、以鞏固抗戰中之政治的社會的基礎、幷爲憲法實施之準備、（十四）改善各級玫治機構，使之簡單化、合理化、幷增高行政效率、以適合戰時需要、（十五）整飭綱紀、責成各級官吏忠勇奮鬥、爲國犧牲、幷嚴守紀律、服從命令、爲民衆倡導、其有不忠職守、貽誤抗戰者，以軍法處治、（十六） 戀貪汚官史，并沒收其財產、 經濟 （十七）經濟建設、應以軍事爲中心、同時注意改善人民生活、本此目的以實行計劃經擠、獎 海內外人民投資、擴大戰時生產、（十八）以全力發展農村經濟、獎勵合作、調節糧食、并開 荒地、疏通水利、及開發礦產、樹立重工業的基礎、鼓勵輕工業的經營、幷發展各地之手工業、幷推行戰時統制稅制、澈底改革財務行政、（十九）統制銀行業務、從而調整工商業之活動、（廿）鞏固法幣、統制外 、管理進出口貨、以安定 融、（廿一）整理交通系統、舉辦水陸空聯運、增集鐵路公路、增加航線、（什二）嚴禁壟斷居奇、投機操縱、實施物品平價制度、 民衆運動 （廿三）發動全國民衆，組 農工商學各職業團體、改善而充實之、使有 者出錢、有力者出力、爲爭取民族生存之抗戰而動員、（廿四）在抗戰期間、於不違反三民主義最高原則及法令範圍內、對於言論出版集會結社、當與以合法之充分保障、（廿五）救濟戰區難民及失業民衆、施以組織及訓練、以加强抗戰力量、（廿六）加强民衆之國家意識，使能輔助政府、肅淸反動對於漢 行戀辦、並 沒收其財產、 教育 （廿七）改訂敎育制度及敎程、推行戰時敎程、注重於國民道德之修養、提高科學的研究、與擴充其設備、（廿八） 練各種專門技術人員、與以適當之分配、以應抗戰需要、（廿九）訓練靑年、俾能服務於戰區及農村、（卅）訓練婦女、俾能服務於社會事業，以增加抗戰力量、（中央社）
xianfa,187,18634,18634. 臨全代會宣言,申報_香港版 日期：1938-04-04 版次/卷期：03 版 續第二版,https://z.library.sh.cn/http/80/10.1.30.77/yitlink/tm/tm_shownews.php?id=A2016120012931&qrygroup=1&qrynewstype=SP_HK&n=18634,臨全代會宣言,社會主義者又往往信仰國際主義、脅不知民族精神若不能喚起、則思想爲之混亂、意志爲之薄弱、情緒爲之散漫、其團結因以不能堅司、行動因以‘能統一、外侮一至 內 之象、立時早現、歷史上亡國之禍、胥由於此，是故吾同胞必當深切認戰抗戰之際、惟有本於民 主義、 發揚、族之同有道德、恢復民族之自信力、使此四萬萬五千萬之人心，凝結爲一，堅如金石、須知政 之目治、爲吾人民族生存之保障、經濟之自由、爲吾人民族生存之 藉、惟能合吾民族之力以共保一、乃能合吾人民以共享之、民族主義於抗戰期間、能充分發揮其精神與力量、則此精神與力量、爲今日捍禦外侮之要素、亦卽他日復興民族之基礎也、就第二方面言之、中國 內各民族以歷史的演進、本已融合、而成爲整個、且第一次全國代表大會宣言中、已對於諸少數民族豫爲之諾言矣、『於反帝國主義及軍閥之中命獲得勝利以後、當組 統一自由的各民族、自由聯合的中華民國』、此實爲對於諸少數民族最大之諾言、而此諾之實踐、有待於此次抗戰之獲得勝利、蓋 根於自由意志之統一與聯合、乃爲眞正之統一與聯合、在未獲得勝利以前、吾境內各民族惟有同受日本之壓迫、無自由意志之可言、日本口中之民族自决、語其作用、誘或而已、煽動而已、 其結果、領土之零星分割而已、民衆之零星拐騙而已、日本知此廣大之領土與繁庶之 衆、 可以一口呑滅、故必取而臠切之、 切愈細、呑滅愈易，其所以裂造傀儡、惟日汲汲、如恐不及、職由於此、故吾同胞必當深切認識、惟抗戰乃能解除壓迫、惟抗戰獲得勝利、乃能組織自由統一的卽各民族自由聯合的中華民國、各民族今日致力于抗戰、卽爲他日享有自由之左券、故就此兩方面之，以言民二主義充實抗戰之力量、以抗戰之獲得勝利、而民族主義之目的完全貫澈、于理于勢、無可 者、二、民糊主義、抗戰之勝負、不僅取决于兵力、尤取决于民力、民力之發展、與民權之增進、相爲因果、故組織民 、訓練民衆、爲抗戰時期之必要工作、亦爲 進民權之必要條件、惟有當注意者、 一組織訓練之目的在養成民衆之自衛能力與自治能力、前者屬于軍事、後者屬于政治兩當並重、無自 能力、則所謂自治、無發育之餘地、而無自治之能力、則所謂自衛、亦于失其根本、故抗戰期間、對民衆授以軍事組織、軍事訓練、以養成軍國民之資格、固爲當務之急、而玫治組織、政治訓練、則先 之以地方自治件之完備、繼之以進而參預中央政事、凡建國大綱之所規定者、皆當於此謀其實現、第二、組織訓練，必當有釐然之系統、然後能以簡馭繁、有備不紊、蓋民權主義與自由主義、固相爲因緣、然在革 已告成功之國家、自由之政治、尤當存在於不妨害國體政體之範圍內、至於革命期閒、則玫治之統一、較政治之自由爲急、軍政訓政、實爲勢之所不容、而當對外抗戰、則雖在憲政時代之國家、亦必授權政府、俾得集中人民、的力量統一、人民之言論與行動、以同赴於國家至上之目的、當此之際、在議曾及在社會間雜然各殊之政黨、亦必相約爲政治的休戰。以一人民之心思耳目、蓋自由與統一、似相反而實相成、無自由、則人無自發的情緒，以從事於同仇敵愾、無統一、則以意思之龐、、而致行動之紛歧、抗戰力量由之減削、有必然者、以此之故、抗戰期間、政府對于人民之自由、必加以尊重、同時亦必加以約束、使得自由於一定限度之中、約束旣定，政府人民共同努力、見之實行、庶幾自由與統一、乃能兼顧、以上二者、爲組織 衆、訓練民衆之指導原則、至於政治機構、更有當鄭重聲明者、戰事旣起、第五次全國代戈大會所議决關於國民大會之召集、憲法之制定頒佈、不得已而延期、政府此時、惟有依據國民會議所定頒佈之約法 以行使治權，惟爲適應戰時之需要計、應就各機關組織、加以調整、使趨于之簡單化、有力化、並應設置國民參政機 、俾集中全國賢智之土、以參與大計、惟 此非常時期、政府自不能不有緊急處分之權，俾臨危處變、有所應付、要而言之、民衆方面、則注意于能力之養成、玫府方面、則注意於機能之適應、此固所以充實抗戰之力量、而 權之基礎、亦於此建立、則抗戰勝利之日、結束軍事、排行憲政、以完成民權主義之建設、爲勢固至順也、三、民生主義、總理民生主義中、曾指出中國今日陷於赤貧、舉國之中、祗有大貧小貧之別、抗戰旣起、日本軍隊 所及、 村則廬舍爲墟、田園生產、化爲燼餘、都市則新興工 、悉被摧殘、近年以來政府之所慘淡經營、以及人企業家努力之所得、皆蕩柝以盡、凡此苦痛、舉之中，無論何人、所同受也、日本帝國主義之侵略、其最大目的、莫過於必藉軍事的勢力、以施行經濟的掠 、詳言之、則爲原料之搾取、市楊之壟斷、在佔領區域內、從事礦產及 產物之搜括、煤鐵棉花羊毛尤取之惟恐不盡、同時破壞中國新與之一切 工業、紡織機器、麵粉機、搬運一空、不 搬運者，則碎粉之 遺、凡此皆欲摧折中國現代工業之萌芽、使永永居於原料供給之地位、一切工業品、皆仰其鼻息、不能自行裂浩也、循是以往、不但經濟建設、無從說起、國計民主、亦惟有日卽於凋敝、生計旣 、生命隨之、政治自由之 失、其結果爲亡國濟自由之喪失其結果將至於滅 、此不能以歷史上之外患爲 者也（未完）
xianfa,187,18635,18635. 國民黨臨時全國代表大會討論設立民意機關適應抗戰時期需要發動全民參與政治詳細辦法經代表大會研究後卽可决...,申報_香港版 日期：1938-04-01 版次/卷期：02 版 本報重慶三十一日專電,https://z.library.sh.cn/http/80/10.1.30.77/yitlink/tm/tm_shownews.php?id=A2016120012688&qrygroup=1&qrynewstype=SP_HK&n=18635,國民黨臨時全國代表大會討論設立民意機關適應抗戰時期需要發動全民參與政治詳細辦法經代表大會研究後卽可决定黨部機構將再加強中央委員並不改選,此次代表大會、係臨時會議、並不改選中央委員、議案中最重要者、（一）如何增進黨員工作、加强黨部機構、（二）國民會議一時未能召集、憲法無從頒佈、抗戰期間、如何使國民有參政機會、以便發動全民力量、（三）在抗戰期中、對于建設一端、應如何兼籌並顧、 （本報重慶三十一日專電）抗戰以來、全國各界對於政府各項施政建設、頗多貢獻、中央爲集中力量、博採輿論計、在此訓政時期，、原已屆滿、正當實行憲政之際、突遭暴日悍然起啓營、以致爆發空前戰鬥、在此抗戰期間、雖國民會議無法召集、中華憲法無從頒佈、但無時不爲發展全民力量着想、茲悉各方現爲集中意見、共同推進非常時期谷項設施起見、擬應事實上之需要、將徵集全國各界碩彥、籌備設立民意機關、以便人民有參政之機會、至其詳細辦法、經代表大會研究後、卽可决定、
xianfa,187,18636,18636. 捷總理演說日耳曼民族問題捷境少數民族决將立法保障之任何方案當以國家生存爲基礎德國當局極表不滿,申報_香港版 日期：1938-03-31 版次/卷期：03 版 捷克京城二十八日電,https://z.library.sh.cn/http/80/10.1.30.77/yitlink/tm/tm_shownews.php?id=A2016120012626&qrygroup=1&qrynewstype=SP_HK&n=18636,捷總理演說日耳曼民族問題捷境少數民族决將立法保障之任何方案當以國家生存爲基礎德國當局極表不滿,國務總理重德柴、自于本日發表廣播演說、首就德國半官界人士關于尊重捷克領土完整所提供之保證、加以追述、幷稱道英國首相張伯倫本月二十四日什下 所發表之演說、謂其對于保持歐洲和平一層、實有無上之貢獻、關于捷克境內日耳曼少，民族問題、則提供切實諾言、謂當製成特 法例、俾將日耳曼少數民族所享有之特 地位予以穩定、幷有以發展之、具言有日、溯自捷克復國以還、吾人對于日耳曼少 民族、卽在教育上畀予自治權利、幷保障文化自由、時至今日、吾人 將現打各項辦法、凡與日耳受少數民族有關者彙成特種法典、緣吾國對于統治少數民族一事、雖 有各種最，善之辦法、但幷未正式製成法律、外 不察、對于揑稱本國境內各少數民族遭受虐待之說、因此竟信以為眞、亦未可必、要之、關于少數氏族問題，政府决定任憲法範圍內、以有系統的辦法、覓取解决方案、以言奧地利事變、捷克民族因具有民族觀念與 摯的氏治精神之故、自可公平加以判斷、而無所偏袒、特關于本國境內少數民族問題、任何解决方案必須以保持國家生存與尊重憲法為基礎、倘在經濟政治精神 希圖施以壓力、决非政府所容忍、此則必須剴切說明者也云、（中央欽） （柏林三十日電）德政府對前日捷總理憲德柴之演說甚為不滿、霍氏大意謂捷擬將現有一切關於德少數民族間題之法律加以修正、俾根本解决少數民族問題、今日捷對少數民族問題之政策已改變，日前英首相張伯倫之演說，對歐洲之安定亦頗有貢獻，德方認 氏幷未說明捷，按照現特情形解決少數民族問題、抑或以完全新的政策解决該問題、外交通訊報稱、德對霍德柴之演說極為不滿，苟霍為負責之政治家、則彼應知時代之所趨、幷知所以解决困難之方法云（中央社）
xianfa,187,18637,18637. 法將組擴大內閣名單已定赫里歐為首揆衆議院通過信任政府案,申報_香港版 日期：1938-03-20 版次/卷期：03 版 巴黎十七日電,https://z.library.sh.cn/http/80/10.1.30.77/yitlink/tm/tm_shownews.php?id=A2016120011919&qrygroup=1&qrynewstype=SP_HK&n=18637,法將組擴大內閣名單已定赫里歐為首揆衆議院通過信任政府案,勃魯姆總理頃在衆院宣讀新閣施玫方針官言書後、卽要求衆院娫緩討論一般政策、幷提出信任案要求表决、衆院當卽以三六九票對一九六票之多數表决通過、事前勃魯姆總理曾發表法國議會史中最激昻之演說、籲請反對派各黨參加舉國一致內閣、以供共同應付時艱、一般人以為衆院對于此項信任案、倘係全體一致予以表决、則勃魯姆定必立卽改組內閣、俾使反對派各黨參加其事、從而組織擴大內閣、但事實上反對派各黨除中央派各黨會響應總理之呼籲外、其他各黨對于與共產黨合作一舉、仍持反對態度、頃據某某議員傳出消息、大總統勒勃倫刻正忙于準備一大內閣之名單、幷與參院議長雅納南、衆院議畏赫禮歐一再晤談、此項擴大內閣、若果組織成立、聞當由衆院議長赫禮歐或急進社會黨領袖任首揆、而由勃魯姆担任國務協理、謠傳此項名單、業已準備就緒、一俟勃魯姆總理提出辭呈、勒勃倫總統當予以公布、一般人幷謂納統若果出此、與憲法規定幷無抵觸之處、按截至目前止、法國歷屆總統從未採用此項方式耳、（中央社）
xianfa,187,18638,18638. 日衆議院通過總動員法案詳細辦法須由日皇核准公佈實施辦法均將用法律規定之,申報_香港版 日期：1938-03-18 版次/卷期：03 版 東京十六日電,https://z.library.sh.cn/http/80/10.1.30.77/yitlink/tm/tm_shownews.php?id=A2016120011795&qrygroup=1&qrynewstype=SP_HK&n=18638,日衆議院通過總動員法案詳細辦法須由日皇核准公佈實施辦法均將用法律規定之,今晚九時廿分，日衆院已將總動員法案通過、政友民政兩黨以政府巳允將該案之說明同時提出、故均參加投票、總動員法屬於特殊法案、其詳細辦法、須由日皇核准公佈、日政府方面表示將來政府之實行該法辦法、均將用法律規定 、此後第一步將先整理吏治、總動員法與日本憲法並無抵觸、其實行 全以人民之愛國觀念為基礎、此後政府將不採任何足以激刺人民 感及妨碍工商業自由發展之行動、同時將重新規定日本之外交政策、及設法促進世界和平云云、（中央社）
xianfa,187,18639,18639. 軍隊反戰民眾左傾,申報_香港版 日期：1938-03-16 版次/卷期：02 版 乙,https://z.library.sh.cn/http/80/10.1.30.77/yitlink/tm/tm_shownews.php?id=A2016120011669&qrygroup=1&qrynewstype=SP_HK&n=18639,軍隊反戰民眾左傾,日未次內相及其他機關爲限制人民及 隊反戰 左傾思想、雖逮捕多人、而不滿政府之意志、反形增大、現華中及華北日軍中反 及左傾宣傳運動、不斷發生、引起日政府國會及軍部之不安、（丙）日國 因全國總動員法案、曾發生多次不利政府事件、日軍人希望該案通過、期在戰爭期內減小國會及政黨勢力、而多數政黨代表、認爲該案通過後、卽可消滅憲法、使玫府享百獨裁權、且一部政府代表、亦公開反對該案、惟日軍人及激烈派勢力强大、該項法案、有 迪可能、其結果反增日本內部各項之不安與危險云、
xianfa,187,18640,18640. 奧國總統被迫下野,申報_香港版 日期：1938-03-15 版次/卷期：03 版 維也納十三日電,https://z.library.sh.cn/http/80/10.1.30.77/yitlink/tm/tm_shownews.php?id=A2016120011602&qrygroup=1&qrynewstype=SP_HK&n=18640,奧國總統被迫下野,大總統米克拉斯應國務總理般嘉德之要求、頃于本日 職下野、並按照聯邦憲法第七條之規定、由國務院代行大總統職權、總統辭職之前頒佈命令、任命著名國社黨黨員三人爲 卿、卽（一）維也納、執仃外交皮公安 外各項政 、（二）喀爾豋勒倫、執行關於安全問題之政務、（三）思格里斯、執行關於國防問題之政務、此外並任命克洛斯奈、奧國國社黨領袖爲敎育部長、（中央社） （維也納-四日電）奧總統米克勒斯已辭喊、由新總理賽斯因 代理總統職權、政府官報稱、米克勒斯總統今日 賽斯因 博士之請、交 總統職務、據一九三四年五月憲法規定、總統職務卽由賽斯博士代理、爲實行德奧合併起見、現已制定一新法律、名日聯邦憲法、是卽指奧德 合爲一聯邦政府、已宣布决定二事、第一、奧大利現爲德國之一邦、第二、四月十日將舉 一自由而祕 之公民投票、凡奧國之日耳曼人、無論男女、年滿二十歲者、皆得對此合 問題投票、表示贊否、據今晚官場消息、前總理舒斯尼格、現匿居維也納 爾佛堤宮之私室中、奧駐英法 捷克三國公民、皆 被召囘國、希特勒將奧國軍隊合併於德國軍隊而由波克將軍統治、德國軍隊 駐 奧境者約有五萬人、今日維也納城仍有希特勒靑年團之遊行多種、但一般人心已不若昨前之緊張、奧政府將於日內正式通知國聯、卽同時聲明退出國聯、亦不如爲奇云、（路透社）
xianfa,187,18641,18641. 德奧擬就聯邦憲法,申報_香港版 日期：1938-03-15 版次/卷期：03 版 維也納十四日電,https://z.library.sh.cn/http/80/10.1.30.77/yitlink/tm/tm_shownews.php?id=A2016120011603&qrygroup=1&qrynewstype=SP_HK&n=18641,德奧擬就聯邦憲法,奧現已成德國之一省、德奧已擬就聯邦憲法、規定德奧合併事宜、德奧聯邦政府已决定使奧國成爲德國之一省、至於四月十日舉行德奧合併之祕密公民投票、凡奧國內年在廿歲以上之德民族、均有參與 、奧政府頃已將駐英法捷三國公使召囘、昨日奧官方稱、總統米克拉斯已辭職、其辭職之動機、係出於新總理殷嘉德代之 求、而殷民本人、則將依照一九三四年公佈之憲法、以總理之實格、執行總統職務、奧京 也納昨日已較爲平靜、惟希特勒靑年團仍遊行各處、奧政府現將正式向國聯報吿一切、或將聲明退出國聯、新總理般嘉德於上星期六在林茲城與希特勒 作數度會談、是晚卽宿於該 、是晚希氏接見奧政府各高級職員、並前往林茲 附近罷丁村掃視其雙親坎墓、據 實統計、德軍現在奧境者約什萬人、此外尙有由德返奧之奧國社軍四萬人、奧各處均駐有德軍、人民均以鮮花投獻、幷高呼『希特勒萬歲』、奧邊境附近亦有一萬八千人及轟炸機二百架、又奧現已開始處仃德之四年 濟計劃、奧新國社 政府要求德取消去年十一月一日施行之奧 輸德 制 法、該辦法施行後、奧貨 德會減少百之四十、德奧貿易之德方入超四百萬 、亦得以減少、而德奧 易得趨于平衡、奧前政府曾拒絕德國將大量軍火及 工業物品輸奧、以使貿易平衡、因奧認此有害於奧之工業、且德貨亦頗 貴云、（中央社）
xianfa,187,18642,18642. 德駐英大使發聲明書,申報_香港版 日期：1938-03-14 版次/卷期：03 版 倫敦十三日電,https://z.library.sh.cn/http/80/10.1.30.77/yitlink/tm/tm_shownews.php?id=A2016120011535&qrygroup=1&qrynewstype=SP_HK&n=18642,德駐英大使發聲明書,倫敦德國大使館、昨晚爲奧國事變發出一 明書、內 奧前總理 所尼格、違背波夫資格頓協定之文字與精神、且未嘗一詢其內閣同僚之意見、突 本其個人之見地宣吿全國、謂 於三日內舉仃公民投票、此舉實與奧國憲法相抵觸、因憲法規定任何公民投票、必須經內閣閣員全體一致之正式决議、始可舉行、又規定公民投票事、須由總 宣告全國、而不能由理代表、舒氏所擬舉行之公民投票、除充滿黨派色彩外、實空洞無一物、其引起奧國日耳曼人之反響也固宜、當時奧國大局驟形嚴重、內戰發于不免、舒氏之行動、卽奧國其他閣員亦反對之、結果舒氏醉職、賽斯因 氏繼 組閣、賽氏乃請希特勒元首派遣軍 人員、協助奧政府維持治安』云、（路透社）
xianfa,187,18643,18643. 倫敦官場拒絕批評柏林暫取保留態度,申報_香港版 日期：1938-03-11 版次/卷期：03 版 倫敦九日電,https://z.library.sh.cn/http/80/10.1.30.77/yitlink/tm/tm_shownews.php?id=A2016120011348&qrygroup=1&qrynewstype=SP_HK&n=18643,倫敦官場拒絕批評柏林暫取保留態度,倫敦官場對於奧國之公民投票一事、拒絕批評、惟據民間觀祭家意見，一幽人民得對其本身命運自由表示意見、不爲 亂公衆秩序者所阻撓、其重要性自當予以承認、柏林方面對奧總理之决意留取保留態度、德國玫府發言人稱、『奧總理何以 舉行公民投票自將有所解釋、德政府對此事之態度將視舒氏如何解釋以爲斷』、又稱『此次之公民投票、依柏林方面觀察、無非在表示奧國擬自由决定其國族命運而不受一切外國之干涉』云、（路透社） （奧國茵斯勃魯克城九日電）內閣總理舒斯尼格、頃于午後七時、向愛國陣綫各處代表發表演說時、宣佈全國境內當于本月十三日舉行公民投票、各機關公務人員則于本月十二日前先行投票、俾就政府施政方針、一覘民意之向背、據一般人所知、此項投票、係採不記名制、全國公民不分性別、凡年滿廿四歲者、均得參加投票、各省市方面均責成省長 市長以愛國陣綫支部領袖名義、籌備投票事宜、投票之人、當就下列誓詞簽署贊成與否、其詞日『余擁戴』自由的及純粹日耳曼民族獨立的、民衆的、基督敎的、並且是統一的奧地利國、爲所有忠于祖國及民族之同胞尋求和平工作及平等、』一般人以爲選民最低年齡定爲四歲之後、奧國國社黨急進派靑年黨員均不能參加投票、因而投贊成票 、必佔大多云、按奧國憲法第六十五條規定、關于憲政各項問題、均得提付人民加以表决、此次公民投票、卽係根據憲法而來、而所應表决者、實卽奧國憲法之基礎也、（中央社） （維也納十日電）今日奧國各地發生衝突國社黨員被捕者巳達數百人、在 茲城國社黨員本圖開會、反對規定公民投票之年齡限制、幷謂此項規定、令國社黨之票數大減、在上奧大利一地·卽減少二萬票云、當開會時、國社黨員卽與祖國陣綫份子發生衝突、足證嗣後此項衝突必將層出不 云、（中央社） （奧國林茲城十日電）國務總理舒斯尼格、昨在此間向愛國陣綫代表演說、宣佈于本月十三日舉行公民投票之後、當卽忽忽返京、此間國社黨憲員對于 民最低年齡提高至什四歲及投票日期、分迫促兩層、均表示反對、决於本日舉行示威運動、當爲警察所驅散、當局并禁止人民再有示威情事、（中央社） （奧國菌斯 魯克十日電）舒斯尼格博士宣言中、除說明于下星朋日舉行投票解决奧國獨立問題外、並請求國民贊同政府本年之行政計劃、彼稱『今年將爲一等動年政府將進行大規模之公共建築、使三萬人獲得工作、此間對舉行投票事、表示熱烈擁護、並聲明反對國社黨之托何干涉行動、舒氏於聲明彼等絕不忍受國社黨之威脅外、並對國社黨之宣傳舒氏爲共產黨或有組織人民 綫政府企圖之宜傳、表示抗議、舒氏 重說明、奧國必須自然的與榮譽的對德國 持和平、本星期日將爲奧國自由及獨立之獲得國民擁護之偉大紀念日云、關于內政、舒氏謂、勞工眼務必須擴大、奧國各處將遍築公路、其他建築計劃亦在設計中云、（中央社）
xianfa,187,18644,18644. 社評日本內部的矛盾,申報_香港版 日期：1938-03-11 版次/卷期：01 版 本報訊,https://z.library.sh.cn/http/80/10.1.30.77/yitlink/tm/tm_shownews.php?id=A2016120011324&qrygroup=1&qrynewstype=SP_HK&n=18644,社評 日本內部的矛盾,旬日來敵方議員中，質問右翼團體毆打各派議員事件，甚爲尖銳，尤以社會大衆黨魁安部磯雄遇狙擊事，引起各派議員憤怒與不安，致衆議院中衆矢集中於內相末次信正，幾形肉搏之勢，月暈而風，礎潤而雨，此所以不可不察也。 吾人於推論各黨派立場之前，須一言末次之地位。末次在海軍中，素負重望，當其任海軍聯合艦隊司令長官之時，彼都人士咸以『吾儕之提督』稱之。據稱：自末次掌握海軍作戰計劃以來，日之對英美作戰方案，根本改造，與以前逈然不同，故海軍部內，以戰術權威稱之。末次爲人篤信偏狹的國家主義，平日訓育部下，以此爲教育基本方針，因是少壯海軍軍人景仰特甚，寖假而成右翼團體所欲擁戴之人物。蓋自眞崎碪三郎失腳以後，荒木貞夫態度不甚爲右翼所首肯，乃不得不別尋領袖，以資號召；適末次在海軍之聲望，獨超儕輩，而其根本思想，又與右翼相近，故時勢所趨，末次竟爲右翼所默認爲吾儕之領袖矣」。猶億當昨年林銑十郎組閣時，右翼軍人欲擁末次爲海軍大臣，卒因永野修身之反對，而米內得以後輩而着先鞭。此次近衛內閣於馬場鍈一病篤之際，右翼乃施其黑幕手腕，一舉而擁末次爲內務大臣。一方欲造成末次將來組閣之資望，一方欲藉末次之手腕，而積極壓迫反右翼之行動，此末次於就任之後，所以大舉逮捕反右翼人物也。明乎此，則日來彼都議會中，何以各黨派集中攻擊末次，其原因可以不言而喩矣。 日本旣成政黨自五一五事件以來，雖慴服於軍部之下，不敢有所反抗，但其衷心之不平，與待機而欲恢復政黨政治者，隨處皆可窺見。惟數年間，軍部所造成之局勢，日趨嚴重，且在社會上極力宣傳政黨之腐化，使政黨政治永無恢復之機會。同時更欲分化旣成政黨內部，合各黨派之贊同法西期者，合組新黨，別創局面。故有倡政黨解消論者，亦有倡一國一黨論者。叭日本旣成政黨雖日形腐化，但其數十年來所開拓之地盤，殊形鞏固，與其謂因主義而固守各該黨陣營者，毋寧謂因傳統的情感而不肯輕入他黨，故各黨幹部中雖有默察大勢所趨，主張不能不與軍部合作者，而多數終以地方黨員關係，不願苟同，所謂創辦新黨運動，因此而無法進行。不甯唯是，各黨背後，皆有資本家爲之後援，資本家中，除一部分軍需工業家與軍部及右翼有特殊關係外，皆不願見右翼掌握政權，根本推翻現存經濟機構。故資本家嗾使旣成政黨於或程度內阻止右翼進展，蓋爲理勢所必至，此又爲新黨不易實現之又一原因。 旣成政黨旣不願與右翼澈底合作，則右翼團體對于旣成政黨唯有進攻之一途。數年來歷次暗殺其主要人物，卽其一例。惟黨魁存亡雖與黨勢盛衰，有極大關係，但政黨已成有機組織，雖無有力黨魁，仍可保持其現有實力。且憲政一日未取銷，則憲法上所賦與之權利，政黨仍有充分活動之餘地。是以此次利用中日戰爭時機，修改國家總動員法案，依據該法案，則在戰爭或類似戰爭之時期，人民權利，根本大受限制，因而政黨之活動，亦有莫大影響。此爲旣成政黨生死問題，勢在必爭。蓋所謂國家總動員法案，其制定精神與信念，純粹出發於法西斯主義，若此案而得通過，則日之法西斯政治卽得一基點，而旣成政黨終將被迫而屈服於法西斯之下，此爲日本政治轉變之一樞紐，而爲吾人所不能忽視者也。此爲日本思想衝突之前哨戰，而其政治前途如何，將於是卜之。
xianfa,187,18645,18645. 蘇聯黨獄案各犯均直認罪名羅森戈爾茲供認叛變計劃拉柯夫斯自承充日間諜,申報_香港版 日期：1938-03-07 版次/卷期：03 版 莫斯科五日電,https://z.library.sh.cn/http/80/10.1.30.77/yitlink/tm/tm_shownews.php?id=A2016120011082&qrygroup=1&qrynewstype=SP_HK&n=18645,蘇聯黨獄案各犯均直認罪名羅森戈爾茲供認叛變計劃拉柯夫斯自承充日間諜,托洛斯基暨右派集團案、頃于四日午後賡續開審、被告竇特雅埃夫、卽烏茲貝克共和邦人民委會前主席、供稱、曾與烏茲貝克邦境內英國僑民、陰謀促使該邦宣告獨立、而成爲英國之保護國、總檢察官維興斯基乃問白、烏茲貝克邦若果退出蘇維埃聯邦則其結果、是否必須成爲英國之保護國乎、（按蘇聯憲法第十七條雖規定蘇聯各共和邦保留、 退出聯邦 之自由權、但幷未准許共和邦由資本主義國加以保護）竇特雅埃夫答日然、關於此事、被告里柯夫、蘇聯人民委會前主席交通人民委會前委長脅加以鼓勵、卽被告布哈林（政府機關報 斯維希亞報前主筆、第三國際執委會前祕書）、雖與德日兩國互通聲氣但亦勸余與英人聯絡、蘇聯盛吉基斯坦邦 國家主義 派前此叛變、卽 英人所援助者、此外曾破壞蘇聯農業、并陰謀破壞邱夷克地方電氣工程、審問至此、乃暫退庭、迄晚賡續開 被告羅森戈爾茲（蘇聯國外貿易委會前委長）供稱、一九三三年間、托洛斯基曾與杜嘉夷夫斯基（蘇聯陸軍前總參謀長已槍决）聯絡、其時杜嘉夷夫斯基業已開始籌備軍事 叛變計劃 而伽瑪尼克（蘇聯人民執委會第一副委長、陸軍政訓處主任、曾於杜嘉契夫斯基案開審前畏罪自盡）則以渠與莫斯科前衛戍司令戈巴契夫（已被捕）所擬進攻莫斯科城中心內務部一項計劃告余、至杜嘉契夫斯基所籌備之軍事叛變計劃、原定去年五月間渠自倫敦參加、 英王喬治 六世加冕典禮歸國後、立卽實行、起事後、應予處死之各要人名單、亦已擬定、幷派定伽界尼克主持其事 、被告克萊斯汀斯基（外交人民議會前副委長）又供稱、所有不利于蘇聯之情報、經由米洛諾夫、（辦聯情報處 辦已于去年六月間被捕）供給德國駐俄大使館前情報參贊鮑姆（現在波蘭京城）暨德國新聞記者、如弗郎克孚脫日報記者居斯脫諸人、 德國國防 軍部每酬余以鉅款、如是者已有八年之久、此款卽用以資助國外、尤其是柏林巴黎等城托洛斯基派組織者云，（中央社） （莫斯科四日電）托洛斯基派暨右派團陰謀案、又於本日午後開審、被告克萊汀斯基仍復供認前于一九三三年間、骨在意大利 美拉諾城、與托洛斯基 晤、托洛斯基當令我與杜嘉夷夫斯基故上將 進行接洽 厥後又於一九三四年間商得庇亞塔高夫（去年平行中心案主犯已槍决）同意、再度與杜嘉契夫斯基會晤、其時杜嘉契夫斯基會聲明、願在蘇聯與德國之間、引起戰爭、並謂雅基爾將軍、烏波維區將軍、高爾徵將軍、（均因杜嘉契夫新基 謀案被槍抉）均可 出而襄助 至是總檢察官維 斯基乃訊問被告布哈林、據供稱、渠與多姆斯基（係平行中心案要犯已槍决）曾就蘇聯與其敵國卽德國開戰時、反對派必須開放陣綫、以便利德國一層、互相商酌、此在多姆斯基、雖云軍人獨裁、苟欲予以防止此舉、誠屬必要、但渠曾加以拒絕、至是另一被告却爾那夫供稱、渠係于一九二八年間成爲、 德 間諜 骨向德國間諜機關取獲津貼約十五萬盧布、取後並奉被告里柯夫（時爲蘇聯人民委員會主席）命令、前往柏林、與共產右派卽孟希維克派領袖譚氏相會時、俾克經由譚氏作介、而取獲第二國際之援助、以與蘇聯政府爲難、譚氏當卽應允照辦、迨至一九三四年間、渠任農業人民委員會委員長時、又奉里柯夫命令、破壞集合農場多處、厥後一九三六年間、因與里 直接通信 柯夫頗爲危險、爰乃經由 備中心與之聯絡、（按後備中心之名、此乃係日後或成爲另一政治 案）此在被告里柯夫奧布哈林、亦均供認曾與烏克蘭邦國家主義派相往還、該派乃奉德國波蘭兩國參謀部命令行事、至是却爾諾 乃謂渠於一九卅年間、曾與德國柏林日報主筆夏樹立關係、里柯夫亦卽供稱、布哈林會以塞米諾夫、 陰謀暗殺 史丹林暨國防工業人民委員會委員長加 辭維夫兩事告渠、（按塞米諾夫乃係社會革命黨被捕各黨員十一中之一、卽富另案辦理） （莫斯科五日電）五日爲審問國陰謀案之第四日、前烏克蘭邦人民委員會駐英大使拉柯夫斯基、自承先充英國祕密偵探隊員、後充 日本間諜 謀不利於蘇聯、拉氏在審訊時、始終不作乞憐態度、列舉其在英時所與交際之重要人物、並謂在一九三四年渠晤見英國海軍軍官二人、旋在牛津街、與英國關係蘇聯部主任晤談、未幾渠返莫斯科、托洛斯基頗以其加入英國 密偵探機關爲然云、拉氏繼言及前英內相希克斯之名、並追述倫敦查抄蘇聯機關及英蘇因以絕交事、又謂在一九三四年之初、渠充日本間諜以極黑暗之詞句、報告蘇聯情形、以期鼓起日本反對蘇聯之行動云（中央社）
xianfa,187,18646,18646. 日衆院開會情形紛和成各議員攻擊末次失職要求其負責保障議員安全動員法遭返對將延緩討論,申報_香港版 日期：1938-03-05 版次/卷期：03 版 東京四日電,https://z.library.sh.cn/http/80/10.1.30.77/yitlink/tm/tm_shownews.php?id=A2016120010959&qrygroup=1&qrynewstype=SP_HK&n=18646,日衆院開會情形紛和成各議員攻擊末次失職要求其負責保障議員安全動員法遭返對將延緩討論,社會大衆黨、今日在議會提出彈劾內相末次信正案、其理由係內相未能維持首都秩序云、（中央社） （東京四日電）昨日日議會大起騷擾、各議員因大衆黨首 安部被人襲擊事件、嚴詞詰責末次內相、末次在各議員責難聲中、登壇發言、謂本人已在竭力緝兇、惟各議員仍 求作一負責諾言、致末次之演詞爲案人之聲浪所掩沒、近衛首相頗爲各員之鬨常呼聲所窘、乃起立發言、謂『在議會 會期間、不僅內務省一省應負責保護各議員安全、卽整個的內閣、亦當負責』安部之被擊事件、不僅使大衆黨黨員異常震怒、卽有力之民政黨及政友會亦表示憤懣、各黨乃決定在今日聯合行動、向政府提出質同并要求政府採取最嚴密處置、以免同樣事件之發生、又日前有右派分子四百人、包圍各黨總部示威、此事已在警務人員澈查中、各反對黨亦嬰求政府將澈查結果從詳報告議會、議會集會至此已充滿緊張空氣、不意大衆黨議員河上 突起攻擊內相、使整個議會大演戲震動、河上切責內相溺職、不能維持東京治安、卽引身行制服之法西斯黨員舉行反大衆黨 威運動一事爲證云、國會中各左派議員之安全問題、本人殊爲焦慮」、又面向末次、請「以海軍軍人之身份」作一坦白并負責的答復、未次在各員咆哮聲中答復、表示對於安部深爲同情、并向國會確切保證、必當嚴懲兇手、至各 員批判國是之權利、政府亦當妥予保障云、惟末次之答詞、全體議員深爲不滿、乃會同河上、大聲要求再作一負責答複、河上本人 高呼、『此事實歸末次負責、而末次說話電不如一個負責政治家』、（路透社） （漢口四日電）日衆議院全國動員法案、審查委員會、三日開會時、衆議員上原向近衛提出強硬質問、表示全國動員法案一旦實施、深恐議會自由權遭其剝奪、并稱、英美法各國議會、除軍事 密外、任何問題、均可在光天化日之下、公開討論、近衛答稱、此項法律、其目的並非欲在日本實行獨裁制度、至於憲法應用是否適合、則 視各政黨與政府之合作以爲斷耳、此外多數議員堅主對于實施全國動員法之時期、應有詳產之說明，并質問戰爭 事變二語、有何分別、民政黨議員池 謂此 法律在中日衝突中、遇有必要時、方可實施云、（中央社） （東京四日電）日軍部與玫府所組織之動員法研究委負會、頃已發生衝突，按該會現為各政黨所反對、昨陸軍省代表佐藤在解釋實行該法之意義降、聽者議論紛紛、佐籘乃要求聽衆停止言論、卒引起聽衆之極度憤怒、齊向陸相提出抗議、現政府與國會間之關係、已因此而更趨緊張、今晨各報均稱、政府恐將延緩討論該法、至若施行該法、恐將引起更嚴重之糾紛云、（中央社）
xianfa,187,18647,18647. 英下議院工黨議員質問政府二事反對黨首領阿德里少校聲稱今後外交政策應受嚴密督責,申報_香港版 日期：1938-03-02 版次/卷期：03 版 倫敦二月二十八日電,https://z.library.sh.cn/http/80/10.1.30.77/yitlink/tm/tm_shownews.php?id=A2016120010757&qrygroup=1&qrynewstype=SP_HK&n=18647,英下議院工黨議員質問政府二事反對黨首領阿德里少校聲稱今後外交政策應受嚴密督責,本日下午英首相張伯倫曾在下院答覆外交問題、首由勞工黨 倍恩質問意大利政府是否曾要求隨降參加防守蘇彝士運河一事、首相答稱、在一九二二年前之外部檔案、未曾詳查、惟自一九二二年後、政府實未接到此項要求云云、渠指明意方所傳、實屬無稽恩又問政府與意談判是否將論及此事、首相答旣無此事、倍自無庸討論、繼由反對黨領袖阿德里質問、依照常規外相須爲下院議員、今打慣例、而以非下院議員之哈立法克斯勳爵充任理由安在、首相答稱、渠雖不承認此常例、然亦以下院議員爲外相、頗爲有益、惟就目前情勢而論、哈立法克斯勳爵實堪任此職、故如此慮理、首相尤許今晚九時其他事件討論完畢後、再辯論此事、首相復謂一切重要問題儘可提出討論、渠願一一答覆、至外交次官白脫拉則料理其他問題云、（路透社） （倫敦二十八日電）今晚下議院反 黨首領阿德里少校聲稱、外相人選不在下議員中求之、實與英國憲法慣例相抵觸、今日外交局勢甚爲緊張、全世界之民主政治發生搖動、而英國人民對於政府之外交政策亦贊否不一、故今後之外交政策應予更嚴密之督責、再關於一切重要外交問題、首相須代外相作答、亦極有釀成雙重外交之危險、自由黨首領辛克萊爵士則日、英國憲法並末規定外相人選不應由上議員充任、且覺今日勝任外相之職者、以哈利法斯、爲最、丑吉爾氏對此言表 意、張伯倫首相答辯云、本人所以請哈里法斯担任外相、因其資望最爲適宜、今後本人雖在下議院內答復外交 問、而 望反對黨各議員不至濫施職權、越出於正當質問之範圍、玫府繼提續休會、以二百二十六票對九十九票之多數通過（路透社） （倫敦二月什八日電（工黨議員 恩今日在下議院質問上海英國商之掠刦情形、及英國堆棧內被移財產之價值、首相答稱、關於此類請求，截止上年十二月卅一日止、共收到一百〇二件、其中九件、已由上海英總領提交上海日總領、惟請求者大都僅將初步情况早報總領事、未能將其要求依公事方式表示、總領事須加以協助、以便提出正式要求、關於財產價值則 估計正確價值之困難、英總領尙未有詳細之數字云、（路透社）
xianfa,187,18648,18648. 羅馬尼亞頒佈施行新憲,申報_香港版 日期：1938-03-01 版次/卷期：03 版 羅馬尼亞京城廿八日電,https://z.library.sh.cn/http/80/10.1.30.77/yitlink/tm/tm_shownews.php?id=A2016120010697&qrygroup=1&qrynewstype=SP_HK&n=18648,羅馬尼亞頒佈施行新憲,羅新憲法頃已頒佈、於昨日中午起始施行、並在宮中舉行典禮、羅內閣總理基里斯抵亞及陸軍部長教會教士中外新聞界人士均入宮、由政府報告二月二十日全民投票結果、推卡洛爾第二為羅國國 事、報告後、各人即均 表示忠於國家及憲法典禮、國主即於宮中接見各國外交使節、（中央社）
